name,score,rank
AMD A10 PRO-7350B APU,3207,1164
AMD A10 PRO-7800B APU,5108,748
AMD A10 PRO-7850B APU,5382,711
AMD A10-4600M APU,3112,1194
AMD A10-4657M APU,2906,1263
AMD A10-5700 APU,4208,927
AMD A10-5750M APU,3343,1126
AMD A10-5757M APU,3084,1203
AMD A10-5800B APU,4669,830
AMD A10-5800K APU,4638,836
AMD A10-6700 APU,4596,850
AMD A10-6700T APU,3693,1041
AMD A10-6790K APU,4703,825
AMD A10-6800B APU,4991,780
AMD A10-6800K APU,4864,802
AMD A10-7300 APU,2908,1261
AMD A10-7400P,3619,1051
AMD A10-7700K APU,5128,744
AMD A10-7800 APU,4994,779
AMD A10-7850K APU,5476,694
AMD A10-7860K,5080,758
AMD A10-7870K,5475,695
AMD A10-7890K,5727,663
AMD A10-8700P,3444,1097
AMD A10-8750,5082,757
AMD A10-8850,5598,682
AMD A10-9600P,3795,1010
AMD A10-9620P,3701,1036
AMD A10-9630P,4497,869
AMD A10-9700,5435,702
AMD A10-9700E,4649,834
AMD A12-9700P,3725,1029
AMD A12-9720P,3987,969
AMD A12-9730P,4381,891
AMD A12-9800,5522,692
AMD A12-9800E,5104,750
AMD A6-3620 APU,2799,1300
AMD A6-3650 APU,3156,1183
AMD A6-3670 APU,3180,1170
AMD A6-8550,3104,1196
AMD A6-9500,2996,1231
AMD A6-9500E,2889,1274
AMD A8 PRO-7600B APU,4802,814
AMD A8-3800 APU,3034,1220
AMD A8-3820 APU,3111,1195
AMD A8-3850 APU,3467,1093
AMD A8-3870K APU,3548,1073
AMD A8-5500 APU,3994,967
AMD A8-5500B APU,3954,976
AMD A8-5550M APU,3005,1229
AMD A8-5557M APU,2963,1243
AMD A8-5600K APU,4340,899
AMD A8-6500 APU,4385,890
AMD A8-6500B APU,4609,846
AMD A8-6500T APU,3221,1158
AMD A8-6600K APU,4584,853
AMD A8-7100 APU,2804,1298
AMD A8-7200P,3319,1129
AMD A8-7600 APU,5087,755
AMD A8-7650K,4930,791
AMD A8-7670K,5083,756
AMD A8-8600P,3248,1147
AMD A8-8650,5470,697
AMD A8-9600,5005,777
AMD Athlon 200GE,4943,789
AMD Athlon 5370 APU,2898,1271
AMD Athlon II X3 460,2863,1279
AMD Athlon II X4 553,3814,1004
AMD Athlon II X4 555,3830,1001
AMD Athlon II X4 559,4142,941
AMD Athlon II X4 615e,2901,1270
AMD Athlon II X4 620,2937,1251
AMD Athlon II X4 620e,2906,1264
AMD Athlon II X4 630,3135,1188
AMD Athlon II X4 631 Quad-Core,3153,1184
AMD Athlon II X4 635,3242,1151
AMD Athlon II X4 638 Quad-Core,3198,1167
AMD Athlon II X4 640,3312,1131
AMD Athlon II X4 641 Quad-Core,3346,1123
AMD Athlon II X4 645,3474,1090
AMD Athlon II X4 650,3483,1089
AMD Athlon II X4 651 Quad-Core,3572,1065
AMD Athlon II X4 655,2998,1230
AMD Athlon PRO 200GE,5228,732
AMD Athlon X3 450,3064,1210
AMD Athlon X4 620,2861,1280
AMD Athlon X4 635,2891,1273
AMD Athlon X4 640,3172,1172
AMD Athlon X4 740 Quad Core,4009,963
AMD Athlon X4 750 Quad Core,4551,856
AMD Athlon X4 750K Quad Core,4250,921
AMD Athlon X4 760K Quad Core,4595,851
AMD Athlon X4 830,4701,826
AMD Athlon X4 840,5039,770
AMD Athlon X4 845,5427,705
AMD Athlon X4 860K,5430,703
AMD Athlon X4 870K,5298,726
AMD Athlon X4 880K,5533,690
AMD Athlon X4 950,5318,724
AMD Embedded R-Series RX-418GD Radeon R6,5068,760
AMD Embedded R-Series RX-421BD,4635,838
AMD EPYC 7251 8-Core,11344,211
AMD EPYC 7351P,15820,109
AMD EPYC 7401P,18546,60
AMD EPYC 7501,18942,56
AMD EPYC 7551,18483,62
AMD EPYC 7551P,16789,80
AMD FirePro A320 APU,4540,863
AMD FX-4100 Quad-Core,4068,951
AMD FX-4130 Quad-Core,4164,935
AMD FX-4150 Quad-Core,4594,852
AMD FX-4170 Quad-Core,4860,804
AMD FX-4200 Quad-Core,4279,913
AMD FX-4300 Quad-Core,4683,828
AMD FX-4320,5009,775
AMD FX-4330,5321,723
AMD FX-4350 Quad-Core,5335,721
AMD FX-6100 Six-Core,5380,712
AMD FX-6120 Six-Core,5731,661
AMD FX-6130 Six-Core,6215,608
AMD FX-6200 Six-Core,6130,620
AMD FX-6300 Six-Core,6384,600
AMD FX-6330 Six-Core,6916,547
AMD FX-6350 Six-Core,6999,539
AMD FX-670K Quad-Core,4550,857
AMD FX-7500 APU,3212,1162
AMD FX-7600P,4051,953
AMD FX-7600P APU,4627,840
AMD FX-770K Quad-Core,4782,817
AMD FX-8100 Eight-Core,6036,632
AMD FX-8120 Eight-Core,6596,578
AMD FX-8140 Eight-Core,6033,633
AMD FX-8150 Eight-Core,7629,481
AMD FX-8300 Eight-Core,7720,471
AMD FX-8310 Eight-Core,7758,466
AMD FX-8320 Eight-Core,8019,442
AMD FX-8320E Eight-Core,7544,485
AMD FX-8350 Eight-Core,8948,371
AMD FX-8370 Eight-Core,9026,361
AMD FX-8370E Eight-Core,7802,460
AMD FX-870K Quad Core,5105,749
AMD FX-8800P,4147,939
AMD FX-9370 Eight-Core,9457,323
AMD FX-9590 Eight-Core,10193,256
AMD FX-9800P,4002,965
AMD FX-9830P,4729,822
AMD FX-B4150 Quad-Core,4611,845
AMD Opteron 1381,3065,1209
AMD Opteron 2350,2820,1289
AMD Opteron 2356,2814,1292
AMD Opteron 2374 HE,2951,1246
AMD Opteron 2378,3179,1171
AMD Opteron 2384,3538,1076
AMD Opteron 2386 SE,3538,1077
AMD Opteron 2427,3069,1207
AMD Opteron 2431,4516,865
AMD Opteron 2435,4708,824
AMD Opteron 3260 HE,3259,1142
AMD Opteron 3280,5403,709
AMD Opteron 3350 HE,4009,962
AMD Opteron 3365,5963,636
AMD Opteron 3380,6384,601
AMD Opteron 4122,2942,1248
AMD Opteron 4162 EE,3166,1175
AMD Opteron 4170 HE,3664,1045
AMD Opteron 4184,4418,884
AMD Opteron 4280,6430,594
AMD Opteron 4284,6660,571
AMD Opteron 4332 HE,5614,678
AMD Opteron 4334,6099,623
AMD Opteron 4365 EE,5025,771
AMD Opteron 4386,6761,560
AMD Opteron 6128,4505,866
AMD Opteron 6134,2938,1250
AMD Opteron 6136,4631,839
AMD Opteron 6164 HE,5351,717
AMD Opteron 6174,6171,615
AMD Opteron 6176 SE,5446,701
AMD Opteron 6212,5776,657
AMD Opteron 6220,6785,556
AMD Opteron 6234,5979,635
AMD Opteron 6238,7673,476
AMD Opteron 6272,6748,563
AMD Opteron 6274,4865,801
AMD Opteron 6276,9011,363
AMD Opteron 6282 SE,9116,352
AMD Opteron 6287 SE,9789,296
AMD Opteron 6328,7813,459
AMD Opteron 6366 HE,7503,489
AMD Opteron 6376,9414,329
AMD Opteron 6380,10081,269
AMD Opteron 6386 SE,10748,232
AMD Opteron 8439 SE,3813,1005
AMD Opteron X2170 APU,3059,1211
AMD Opteron X3421 APU,4899,795
AMD Phenom 2 X4 12000,3005,1228
AMD Phenom 7950 Quad-Core,2991,1234
AMD Phenom 9750 Quad-Core,2810,1296
AMD Phenom 9850 Quad-Core,2893,1272
AMD Phenom 9850B Quad-Core,3160,1180
AMD Phenom 9950 Quad-Core,3012,1224
AMD Phenom FX-5200 Quad-Core,2948,1247
AMD Phenom FX-7750 Quad-Core,3616,1052
AMD Phenom II 42 TWKR Black Edition,3489,1086
AMD Phenom II X3 740,2994,1232
AMD Phenom II X3 B75,2929,1255
AMD Phenom II X3 B77,3067,1208
AMD Phenom II X4 805,2994,1233
AMD Phenom II X4 810,3124,1190
AMD Phenom II X4 820,3400,1107
AMD Phenom II X4 830,3434,1099
AMD Phenom II X4 840,3510,1082
AMD Phenom II X4 840T,3601,1055
AMD Phenom II X4 850,3547,1075
AMD Phenom II X4 900e,2882,1276
AMD Phenom II X4 905e,3087,1201
AMD Phenom II X4 910,3252,1146
AMD Phenom II X4 910e,3253,1145
AMD Phenom II X4 920,3399,1110
AMD Phenom II X4 925,3421,1102
AMD Phenom II X4 940,3591,1057
AMD Phenom II X4 945,3660,1047
AMD Phenom II X4 955,3930,984
AMD Phenom II X4 960T,3787,1012
AMD Phenom II X4 965,4191,930
AMD Phenom II X4 970,4327,904
AMD Phenom II X4 973,3759,1020
AMD Phenom II X4 975,4459,875
AMD Phenom II X4 977,3750,1024
AMD Phenom II X4 980,4493,870
AMD Phenom II X4 B25,3330,1127
AMD Phenom II X4 B35,3383,1116
AMD Phenom II X4 B40,3393,1113
AMD Phenom II X4 B45,3467,1094
AMD Phenom II X4 B50,3702,1035
AMD Phenom II X4 B55,3859,992
AMD Phenom II X4 B60,4043,954
AMD Phenom II X4 B65,4177,933
AMD Phenom II X4 B70,4261,919
AMD Phenom II X4 B93,3355,1122
AMD Phenom II X4 B95,3694,1039
AMD Phenom II X4 B97,3875,989
AMD Phenom II X4 B99,4130,944
AMD Phenom II X6 1035T,4656,833
AMD Phenom II X6 1045T,4817,810
AMD Phenom II X6 1055T,4964,783
AMD Phenom II X6 1065T,5064,762
AMD Phenom II X6 1075T,5341,719
AMD Phenom II X6 1090T,5583,684
AMD Phenom II X6 1100T,5727,664
AMD Phenom II X6 1405T,5042,769
AMD Phenom Ultra X4 24500,3945,979
AMD Phenom X4 Quad-Core GP-9730,2812,1295
AMD PRO A10-8700B,3583,1063
AMD PRO A10-8730B,3971,973
AMD PRO A10-8750B,5646,677
AMD PRO A10-8770,5707,666
AMD PRO A10-8770E,5045,768
AMD PRO A10-8850B,5852,649
AMD PRO A10-9700,5677,671
AMD PRO A10-9700B,4393,888
AMD PRO A10-9700E,4922,794
AMD PRO A12-8800B,4154,938
AMD PRO A12-8830B,4325,905
AMD PRO A12-8870,6067,628
AMD PRO A12-8870E,5186,738
AMD PRO A12-9800,6199,612
AMD PRO A12-9800B,4158,937
AMD PRO A12-9800E,4788,816
AMD PRO A6-8550B,2985,1236
AMD PRO A6-8570,3049,1215
AMD PRO A6-8570E,2824,1288
AMD PRO A6-9500,3239,1153
AMD PRO A8-8600B,3553,1070
AMD PRO A8-8650B,5426,706
AMD PRO A8-8670E,5015,773
AMD PRO A8-9600,5296,727
AMD PRO A8-9600B,4004,964
AMD R-464L APU,3117,1192
AMD RX-427BB,4317,908
AMD Ryzen 3 1200,6741,564
AMD Ryzen 3 1300X,7467,491
AMD Ryzen 3 2200G,7327,506
AMD Ryzen 3 2200GE,7124,526
AMD Ryzen 3 2200U,4469,874
AMD Ryzen 3 2300U,6209,610
AMD Ryzen 3 PRO 1200,7069,533
AMD Ryzen 3 PRO 1300,8022,440
AMD Ryzen 3 PRO 2200G,8106,432
AMD Ryzen 3 PRO 2200GE,7975,446
AMD Ryzen 3 PRO 2300U,7188,520
AMD Ryzen 5 1400,8375,408
AMD Ryzen 5 1500X,10080,270
AMD Ryzen 5 1600,12266,191
AMD Ryzen 5 1600X,13232,169
AMD Ryzen 5 2400G,9293,339
AMD Ryzen 5 2400GE,7932,449
AMD Ryzen 5 2500U,7323,507
AMD Ryzen 5 2600,13536,163
AMD Ryzen 5 2600X,14343,138
AMD Ryzen 5 PRO 1500,10118,264
AMD Ryzen 5 PRO 1600,12213,192
AMD Ryzen 5 PRO 2400G,10046,274
AMD Ryzen 5 PRO 2400GE,9376,332
AMD Ryzen 5 PRO 2500U,8837,380
AMD Ryzen 5 PRO 2600,14645,130
AMD Ryzen 7 1700,13749,155
AMD Ryzen 7 1700X,14681,128
AMD Ryzen 7 1800X,15384,113
AMD Ryzen 7 2700,14998,124
AMD Ryzen 7 2700U,7357,503
AMD Ryzen 7 2700X,16969,78
AMD Ryzen 7 PRO 1700,14171,142
AMD Ryzen 7 PRO 1700X,15349,114
AMD Ryzen 7 PRO 2700,15897,105
AMD Ryzen 7 PRO 2700U,9009,364
AMD Ryzen 7 PRO 2700X,17276,74
AMD Ryzen Embedded V1202B,5051,765
AMD Ryzen Embedded V1605B,7667,477
AMD Ryzen Embedded V1807B,7185,521
AMD Ryzen Threadripper 1900X,15938,103
AMD Ryzen Threadripper 1920X,18987,55
AMD Ryzen Threadripper 1950X,22082,23
AMD Ryzen Threadripper 2920X,20660,37
AMD Ryzen Threadripper 2950X,26038,8
AMD Ryzen Threadripper 2970WX,18726,57
AMD Ryzen Threadripper 2990WX,24172,15
AMD Ryzen Threadripper 2990X,18311,64
Celeron Dual-Core Q8300 @ 2.50GHz,2837,1284
Intel Atom C2750 @ 2.40GHz,3806,1008
Intel Atom C2750 @ 2.41GHz,3344,1124
Intel Atom C2758 @ 2.40GHz,3162,1177
Intel Atom C3858 @ 2.00GHz,4852,805
Intel Celeron G1840 @ 2.80GHz,2860,1281
Intel Celeron G1850 @ 2.90GHz,2907,1262
Intel Celeron G3900 @ 2.80GHz,3150,1185
Intel Celeron G3900T @ 2.60GHz,2919,1259
Intel Celeron G3920 @ 2.90GHz,3113,1193
Intel Celeron G3930 @ 2.90GHz,3041,1218
Intel Celeron G3950 @ 3.00GHz,3006,1227
Intel Celeron G4900 @ 3.10GHz,3284,1139
Intel Celeron G4900T @ 2.90GHz,2960,1244
Intel Celeron G4920 @ 3.20GHz,3302,1135
Intel Core 860 @ 2.80GHz,4555,855
Intel Core i3-2100 @ 3.10GHz,3688,1042
Intel Core i3-2100T @ 2.50GHz,2941,1249
Intel Core i3-2102 @ 3.10GHz,3736,1028
Intel Core i3-2105 @ 3.10GHz,3704,1034
Intel Core i3-2120 @ 3.30GHz,3925,985
Intel Core i3-2120T @ 2.60GHz,3160,1181
Intel Core i3-2125 @ 3.30GHz,4028,959
Intel Core i3-2130 @ 3.40GHz,4062,952
Intel Core i3-2140 @ 3.50GHz,4325,906
Intel Core i3-2310E @ 2.10GHz,2839,1283
Intel Core i3-2330E @ 2.20GHz,3073,1206
Intel Core i3-3110M @ 2.40GHz,3075,1205
Intel Core i3-3120M @ 2.50GHz,3217,1161
Intel Core i3-3130M @ 2.60GHz,3405,1104
Intel Core i3-3210 @ 3.20GHz,4032,958
Intel Core i3-3220 @ 3.30GHz,4237,923
Intel Core i3-3220T @ 2.80GHz,3698,1038
Intel Core i3-3225 @ 3.30GHz,4338,900
Intel Core i3-3240 @ 3.40GHz,4307,910
Intel Core i3-3240T @ 2.90GHz,3686,1043
Intel Core i3-3245 @ 3.40GHz,4429,880
Intel Core i3-3250 @ 3.50GHz,4446,876
Intel Core i3-3250T @ 3.00GHz,3021,1221
Intel Core i3-4000M @ 2.40GHz,3243,1150
Intel Core i3-4100M @ 2.50GHz,3471,1091
Intel Core i3-4110M @ 2.60GHz,3873,990
Intel Core i3-4110U @ 1.90GHz,2902,1268
Intel Core i3-4120U @ 2.00GHz,3050,1213
Intel Core i3-4130 @ 3.40GHz,4797,815
Intel Core i3-4130T @ 2.90GHz,4140,942
Intel Core i3-4150 @ 3.50GHz,4891,796
Intel Core i3-4150T @ 3.00GHz,4267,917
Intel Core i3-4158U @ 2.00GHz,2914,1260
Intel Core i3-4160 @ 3.60GHz,5056,764
Intel Core i3-4160T @ 3.10GHz,4416,885
Intel Core i3-4170 @ 3.70GHz,5190,737
Intel Core i3-4170T @ 3.20GHz,4544,859
Intel Core i3-4330 @ 3.50GHz,5096,752
Intel Core i3-4330T @ 3.00GHz,4486,872
Intel Core i3-4330TE @ 2.40GHz,3201,1165
Intel Core i3-4340 @ 3.60GHz,5240,731
Intel Core i3-4350 @ 3.60GHz,4963,784
Intel Core i3-4350T @ 3.10GHz,4302,911
Intel Core i3-4360 @ 3.70GHz,5460,698
Intel Core i3-4360T @ 3.20GHz,4636,837
Intel Core i3-4370 @ 3.80GHz,5599,680
Intel Core i3-4370T @ 3.30GHz,4890,797
Intel Core i3-4570T @ 2.90GHz,4934,790
Intel Core i3-5005U @ 2.00GHz,2903,1266
Intel Core i3-5010U @ 2.10GHz,3049,1214
Intel Core i3-5015U @ 2.10GHz,3044,1217
Intel Core i3-5020U @ 2.20GHz,3181,1169
Intel Core i3-5157U @ 2.50GHz,3661,1046
Intel Core i3-550 @ 3.20GHz,2827,1287
Intel Core i3-560 @ 3.33GHz,2937,1252
Intel Core i3-6006U @ 2.00GHz,3088,1200
Intel Core i3-6098P @ 3.60GHz,5412,707
Intel Core i3-6100 @ 3.70GHz,5490,693
Intel Core i3-6100E @ 2.70GHz,3769,1016
Intel Core i3-6100H @ 2.70GHz,4246,922
Intel Core i3-6100T @ 3.20GHz,4861,803
Intel Core i3-6100TE @ 2.70GHz,4337,901
Intel Core i3-6100U @ 2.30GHz,3602,1054
Intel Core i3-6157U @ 2.40GHz,3835,999
Intel Core i3-6300 @ 3.80GHz,5851,650
Intel Core i3-6300T @ 3.30GHz,5249,729
Intel Core i3-6320 @ 3.90GHz,6047,629
Intel Core i3-7020U @ 2.30GHz,3538,1078
Intel Core i3-7100 @ 3.90GHz,5780,655
Intel Core i3-7100H @ 3.00GHz,4696,827
Intel Core i3-7100T @ 3.40GHz,5048,767
Intel Core i3-7100U @ 2.40GHz,3780,1014
Intel Core i3-7101TE @ 3.40GHz,5016,772
Intel Core i3-7130U @ 2.70GHz,4039,955
Intel Core i3-7167U @ 2.80GHz,4757,820
Intel Core i3-7300 @ 4.00GHz,6442,591
Intel Core i3-7300T @ 3.50GHz,5369,713
Intel Core i3-7320 @ 4.10GHz,6541,580
Intel Core i3-7350K @ 4.20GHz,6623,576
Intel Core i3-8100 @ 3.60GHz,8071,434
Intel Core i3-8100T @ 3.10GHz,7486,490
Intel Core i3-8109U @ 3.00GHz,6168,616
Intel Core i3-8121U @ 2.20GHz,5198,735
Intel Core i3-8130U @ 2.20GHz,5069,759
Intel Core i3-8145U @ 2.10GHz,5707,665
Intel Core i3-8300 @ 3.70GHz,8680,394
Intel Core i3-8300T @ 3.20GHz,7650,479
Intel Core i3-8350K @ 4.00GHz,9244,342
Intel Core i5-2300 @ 2.80GHz,5348,718
Intel Core i5-2310 @ 2.90GHz,5538,688
Intel Core i5-2320 @ 3.00GHz,5758,659
Intel Core i5-2380P @ 3.10GHz,5729,662
Intel Core i5-2390T @ 2.70GHz,4262,918
Intel Core i5-2400 @ 3.10GHz,5958,637
Intel Core i5-2400S @ 2.50GHz,4962,785
Intel Core i5-24050S @ 2.50GHz,4928,792
Intel Core i5-2405S @ 2.50GHz,5065,761
Intel Core i5-2410M @ 2.30GHz,3166,1176
Intel Core i5-2415M @ 2.30GHz,3299,1136
Intel Core i5-2430M @ 2.40GHz,3280,1140
Intel Core i5-2435M @ 2.40GHz,3239,1154
Intel Core i5-2450M @ 2.50GHz,3398,1111
Intel Core i5-2450P @ 3.20GHz,6144,619
Intel Core i5-2500 @ 3.30GHz,6330,603
Intel Core i5-2500K @ 3.30GHz,6476,588
Intel Core i5-2500S @ 2.70GHz,5313,725
Intel Core i5-2500T @ 2.30GHz,4608,847
Intel Core i5-2510E @ 2.50GHz,3676,1044
Intel Core i5-2515E @ 2.50GHz,3313,1130
Intel Core i5-2520M @ 2.50GHz,3588,1060
Intel Core i5-2540M @ 2.60GHz,3782,1013
Intel Core i5-2550K @ 3.40GHz,6664,570
Intel Core i5-2560M @ 2.70GHz,3752,1022
Intel Core i5-3210M @ 2.50GHz,3824,1003
Intel Core i5-3230M @ 2.60GHz,3939,981
Intel Core i5-3317U @ 1.70GHz,3088,1199
Intel Core i5-3320M @ 2.60GHz,4114,947
Intel Core i5-3330 @ 3.00GHz,5936,641
Intel Core i5-3330S @ 2.70GHz,5674,672
Intel Core i5-3335S @ 2.70GHz,5788,654
Intel Core i5-3337U @ 1.80GHz,3223,1157
Intel Core i5-3340 @ 3.10GHz,6089,625
Intel Core i5-3340M @ 2.70GHz,4255,920
Intel Core i5-3340S @ 2.80GHz,5846,651
Intel Core i5-3350P @ 3.10GHz,6144,618
Intel Core i5-3360M @ 2.80GHz,4422,882
Intel Core i5-3380M @ 2.90GHz,4431,879
Intel Core i5-3427U @ 1.80GHz,3550,1072
Intel Core i5-3437U @ 1.90GHz,3637,1049
Intel Core i5-3439Y @ 1.50GHz,2930,1254
Intel Core i5-3450 @ 3.10GHz,6524,582
Intel Core i5-3450S @ 2.80GHz,6212,609
Intel Core i5-3470 @ 3.20GHz,6700,567
Intel Core i5-3470S @ 2.90GHz,6362,602
Intel Core i5-3470T @ 2.90GHz,4480,873
Intel Core i5-3475S @ 2.90GHz,6625,575
Intel Core i5-3550 @ 3.30GHz,6946,544
Intel Core i5-3550S @ 3.00GHz,6910,549
Intel Core i5-3570 @ 3.40GHz,7112,527
Intel Core i5-3570K @ 3.40GHz,7172,523
Intel Core i5-3570S @ 3.10GHz,6753,562
Intel Core i5-3570T @ 2.30GHz,5901,644
Intel Core i5-3610ME @ 2.70GHz,3830,1000
Intel Core i5-4200H @ 2.80GHz,4435,878
Intel Core i5-4200M @ 2.50GHz,4036,956
Intel Core i5-4200U @ 1.60GHz,3291,1137
Intel Core i5-4210H @ 2.90GHz,4540,862
Intel Core i5-4210M @ 2.60GHz,4192,929
Intel Core i5-4210U @ 1.70GHz,3402,1106
Intel Core i5-4230U @ 1.90GHz,2902,1267
Intel Core i5-4250U @ 1.30GHz,3449,1096
Intel Core i5-4258U @ 2.40GHz,4078,949
Intel Core i5-4260U @ 1.40GHz,3560,1068
Intel Core i5-4278U @ 2.60GHz,4362,895
Intel Core i5-4288U @ 2.60GHz,4355,897
Intel Core i5-4300M @ 2.60GHz,4407,886
Intel Core i5-4300U @ 1.90GHz,3742,1026
Intel Core i5-4302Y @ 1.60GHz,2967,1241
Intel Core i5-4308U @ 2.80GHz,4219,925
Intel Core i5-4310M @ 2.70GHz,4624,841
Intel Core i5-4310U @ 2.00GHz,3752,1023
Intel Core i5-4330M @ 2.80GHz,4488,871
Intel Core i5-4340M @ 2.90GHz,4810,811
Intel Core i5-4350U @ 1.40GHz,3610,1053
Intel Core i5-4400E @ 2.70GHz,4548,858
Intel Core i5-4402E @ 1.60GHz,3947,978
Intel Core i5-4422E @ 1.80GHz,2806,1297
Intel Core i5-4430 @ 3.00GHz,6321,604
Intel Core i5-4430S @ 2.70GHz,5910,642
Intel Core i5-4440 @ 3.10GHz,6499,584
Intel Core i5-4440S @ 2.80GHz,6217,607
Intel Core i5-4460 @ 3.20GHz,6710,566
Intel Core i5-4460S @ 2.90GHz,6405,598
Intel Core i5-4460T @ 1.90GHz,4951,787
Intel Core i5-4570 @ 3.20GHz,7126,525
Intel Core i5-4570R @ 2.70GHz,6753,561
Intel Core i5-4570S @ 2.90GHz,6791,555
Intel Core i5-4570T @ 2.90GHz,4829,807
Intel Core i5-4570TE @ 2.70GHz,3827,1002
Intel Core i5-4590 @ 3.30GHz,7306,512
Intel Core i5-4590S @ 3.00GHz,7030,538
Intel Core i5-4590T @ 2.00GHz,5604,679
Intel Core i5-4670 @ 3.40GHz,7446,493
Intel Core i5-4670K @ 3.40GHz,7633,480
Intel Core i5-4670K CPT @ 3.40GHz,7411,500
Intel Core i5-4670R @ 3.00GHz,7419,499
Intel Core i5-4670S @ 3.10GHz,7308,510
Intel Core i5-4670T @ 2.30GHz,6206,611
Intel Core i5-4690 @ 3.50GHz,7661,478
Intel Core i5-4690K @ 3.50GHz,7795,461
Intel Core i5-4690S @ 3.20GHz,7435,495
Intel Core i5-4690T @ 2.50GHz,6478,587
Intel Core i5-5200U @ 2.20GHz,3486,1087
Intel Core i5-5250U @ 1.60GHz,3585,1061
Intel Core i5-5257U @ 2.70GHz,4401,887
Intel Core i5-5287U @ 2.90GHz,4681,829
Intel Core i5-5300U @ 2.30GHz,3807,1007
Intel Core i5-5350U @ 1.80GHz,3517,1080
Intel Core i5-5575R @ 2.80GHz,7434,496
Intel Core i5-5675C @ 3.10GHz,8199,423
Intel Core i5-5675R @ 3.10GHz,8054,437
Intel Core i5-6198DU @ 2.30GHz,4146,940
Intel Core i5-6200U @ 2.30GHz,4014,961
Intel Core i5-6260U @ 1.80GHz,4362,896
Intel Core i5-6267U @ 2.90GHz,5004,778
Intel Core i5-6287U @ 3.10GHz,4751,821
Intel Core i5-6300HQ @ 2.30GHz,6081,627
Intel Core i5-6300U @ 2.40GHz,4372,893
Intel Core i5-6360U @ 2.00GHz,4880,799
Intel Core i5-6400 @ 2.70GHz,6764,559
Intel Core i5-6400T @ 2.20GHz,5598,681
Intel Core i5-6402P @ 2.80GHz,7095,529
Intel Core i5-6440EQ @ 2.70GHz,5778,656
Intel Core i5-6440HQ @ 2.60GHz,6784,557
Intel Core i5-650 @ 3.20GHz,3103,1197
Intel Core i5-6500 @ 3.20GHz,7242,515
Intel Core i5-6500T @ 2.50GHz,6269,606
Intel Core i5-6500TE @ 2.30GHz,6496,585
Intel Core i5-655K @ 3.20GHz,3399,1109
Intel Core i5-660 @ 3.33GHz,3248,1148
Intel Core i5-6600 @ 3.30GHz,7766,465
Intel Core i5-6600K @ 3.50GHz,8057,435
Intel Core i5-6600T @ 2.70GHz,7310,509
Intel Core i5-661 @ 3.33GHz,3182,1168
Intel Core i5-670 @ 3.47GHz,3310,1132
Intel Core i5-680 @ 3.60GHz,3513,1081
Intel Core i5-7200U @ 2.50GHz,4615,843
Intel Core i5-7260U @ 2.20GHz,5680,669
Intel Core i5-7267U @ 3.10GHz,5098,751
Intel Core i5-7287U @ 3.30GHz,5656,675
Intel Core i5-7300HQ @ 2.50GHz,6807,554
Intel Core i5-7300U @ 2.60GHz,5196,736
Intel Core i5-7360U @ 2.30GHz,5957,638
Intel Core i5-7400 @ 3.00GHz,7344,504
Intel Core i5-7400T @ 2.40GHz,6432,593
Intel Core i5-7440HQ @ 2.80GHz,7701,472
Intel Core i5-750 @ 2.67GHz,3694,1040
Intel Core i5-7500 @ 3.40GHz,8023,439
Intel Core i5-7500T @ 2.70GHz,7032,536
Intel Core i5-760 @ 2.80GHz,3888,986
Intel Core i5-7600 @ 3.50GHz,8774,387
Intel Core i5-7600K @ 3.80GHz,9128,349
Intel Core i5-7600T @ 2.80GHz,8097,433
Intel Core i5-7640X @ 4.00GHz,9598,310
Intel Core i5-7Y54 @ 1.20GHz,3584,1062
Intel Core i5-7Y57 @ 1.20GHz,3737,1027
Intel Core i5-8200Y @ 1.30GHz,4320,907
Intel Core i5-8250U @ 1.60GHz,7676,475
Intel Core i5-8259U @ 2.30GHz,10913,227
Intel Core i5-8265U @ 1.60GHz,8246,417
Intel Core i5-8300H @ 2.30GHz,9452,324
Intel Core i5-8305G @ 2.80GHz,8968,368
Intel Core i5-8350U @ 1.70GHz,8258,416
Intel Core i5-8400 @ 2.80GHz,11656,206
Intel Core i5-8400H @ 2.50GHz,10132,262
Intel Core i5-8400T @ 1.70GHz,9662,305
Intel Core i5-8500 @ 3.00GHz,11899,203
Intel Core i5-8500T @ 2.10GHz,10021,276
Intel Core i5-8600 @ 3.10GHz,12631,183
Intel Core i5-8600K @ 3.60GHz,12778,178
Intel Core i5-8600T @ 2.30GHz,10913,226
Intel Core i5-9600K @ 3.70GHz,13457,165
Intel Core i7-2600 @ 3.40GHz,8193,424
Intel Core i7-2600K @ 3.40GHz,8443,406
Intel Core i7-2600S @ 2.80GHz,7074,532
Intel Core i7-2617M @ 1.50GHz,2818,1291
Intel Core i7-2620M @ 2.70GHz,3835,998
Intel Core i7-2630QM @ 2.00GHz,5529,691
Intel Core i7-2635QM @ 2.00GHz,5456,699
Intel Core i7-2637M @ 1.70GHz,2903,1265
Intel Core i7-2640M @ 2.80GHz,3935,982
Intel Core i7-2655LE @ 2.20GHz,3161,1178
Intel Core i7-2670QM @ 2.20GHz,5885,645
Intel Core i7-2675QM @ 2.20GHz,5533,689
Intel Core i7-2677M @ 1.80GHz,2818,1290
Intel Core i7-2700K @ 3.50GHz,8712,388
Intel Core i7-2710QE @ 2.10GHz,5768,658
Intel Core i7-2715QE @ 2.10GHz,5365,714
Intel Core i7-2720QM @ 2.20GHz,6117,622
Intel Core i7-2760QM @ 2.40GHz,6580,579
Intel Core i7-2820QM @ 2.30GHz,6634,573
Intel Core i7-2840QM @ 2.40GHz,6766,558
Intel Core i7-2860QM @ 2.50GHz,6990,540
Intel Core i7-2920XM @ 2.50GHz,7038,535
Intel Core i7-2960XM @ 2.70GHz,7200,518
Intel Core i7-3517U @ 1.90GHz,3589,1059
Intel Core i7-3517UE @ 1.70GHz,3323,1128
Intel Core i7-3520M @ 2.90GHz,4542,860
Intel Core i7-3537U @ 2.00GHz,3842,995
Intel Core i7-3540M @ 3.00GHz,4660,832
Intel Core i7-3555LE @ 2.50GHz,4130,943
Intel Core i7-3610QE @ 2.30GHz,6451,590
Intel Core i7-3610QM @ 2.30GHz,7467,492
Intel Core i7-3612QE @ 2.10GHz,6622,577
Intel Core i7-3612QM @ 2.10GHz,6824,553
Intel Core i7-3615QE @ 2.30GHz,7340,505
Intel Core i7-3615QM @ 2.30GHz,7380,502
Intel Core i7-3630QM @ 2.40GHz,7585,484
Intel Core i7-3632QM @ 2.20GHz,6941,545
Intel Core i7-3635QM @ 2.40GHz,6671,569
Intel Core i7-3667U @ 2.00GHz,3989,968
Intel Core i7-3687U @ 2.10GHz,4185,931
Intel Core i7-3689Y @ 1.50GHz,3220,1159
Intel Core i7-3720QM @ 2.60GHz,8125,431
Intel Core i7-3740QM @ 2.70GHz,8332,412
Intel Core i7-3770 @ 3.40GHz,9288,340
Intel Core i7-3770K @ 3.50GHz,9516,314
Intel Core i7-3770S @ 3.10GHz,8886,375
Intel Core i7-3770T @ 2.50GHz,8203,422
Intel Core i7-3820 @ 3.60GHz,8997,366
Intel Core i7-3820QM @ 2.70GHz,8444,405
Intel Core i7-3840QM @ 2.80GHz,8783,384
Intel Core i7-3920XM @ 2.90GHz,9149,347
Intel Core i7-3930K @ 3.20GHz,11988,200
Intel Core i7-3940XM @ 3.00GHz,9309,338
Intel Core i7-3960X @ 3.30GHz,12609,184
Intel Core i7-3970X @ 3.50GHz,12673,181
Intel Core i7-4500U @ 1.80GHz,3790,1011
Intel Core i7-4510U @ 2.00GHz,3930,983
Intel Core i7-4550U @ 1.50GHz,3713,1033
Intel Core i7-4558U @ 2.80GHz,4378,892
Intel Core i7-4560U @ 1.60GHz,4329,903
Intel Core i7-4578U @ 3.00GHz,4780,818
Intel Core i7-4600M @ 2.90GHz,4884,798
Intel Core i7-4600U @ 2.10GHz,4104,948
Intel Core i7-4610M @ 3.00GHz,4978,781
Intel Core i7-4610Y @ 1.70GHz,3746,1025
Intel Core i7-4650U @ 1.70GHz,3967,974
Intel Core i7-4700EQ @ 2.40GHz,7180,522
Intel Core i7-4700HQ @ 2.40GHz,7725,470
Intel Core i7-4700MQ @ 2.40GHz,7689,473
Intel Core i7-4702HQ @ 2.20GHz,7441,494
Intel Core i7-4702MQ @ 2.20GHz,7128,524
Intel Core i7-4710HQ @ 2.50GHz,7733,468
Intel Core i7-4710MQ @ 2.50GHz,8001,444
Intel Core i7-4712HQ @ 2.30GHz,7508,488
Intel Core i7-4712MQ @ 2.30GHz,7199,519
Intel Core i7-4720HQ @ 2.60GHz,8002,443
Intel Core i7-4722HQ @ 2.40GHz,8052,438
Intel Core i7-4750HQ @ 2.00GHz,8234,420
Intel Core i7-4760HQ @ 2.10GHz,8595,401
Intel Core i7-4765T @ 2.00GHz,7307,511
Intel Core i7-4770 @ 3.40GHz,9787,297
Intel Core i7-4770HQ @ 2.20GHz,8952,370
Intel Core i7-4770K @ 3.50GHz,10090,266
Intel Core i7-4770R @ 3.20GHz,9819,292
Intel Core i7-4770S @ 3.10GHz,9340,334
Intel Core i7-4770T @ 2.50GHz,8605,400
Intel Core i7-4770TE @ 2.30GHz,6732,565
Intel Core i7-4771 @ 3.50GHz,9873,288
Intel Core i7-4785T @ 2.20GHz,7611,483
Intel Core i7-4790 @ 3.60GHz,9990,281
Intel Core i7-4790K @ 4.00GHz,11180,213
Intel Core i7-4790S @ 3.20GHz,9573,312
Intel Core i7-4790T @ 2.70GHz,9094,354
Intel Core i7-4800MQ @ 2.70GHz,8491,403
Intel Core i7-4810MQ @ 2.80GHz,8654,397
Intel Core i7-4820K @ 3.70GHz,9716,303
Intel Core i7-4850HQ @ 2.30GHz,9016,362
Intel Core i7-4860EQ @ 1.80GHz,7875,452
Intel Core i7-4860HQ @ 2.40GHz,9265,341
Intel Core i7-4870HQ @ 2.50GHz,9362,333
Intel Core i7-4900MQ @ 2.80GHz,9034,360
Intel Core i7-4910MQ @ 2.90GHz,9399,331
Intel Core i7-4930K @ 3.40GHz,13014,172
Intel Core i7-4930MX @ 3.00GHz,9485,317
Intel Core i7-4940MX @ 3.10GHz,9910,284
Intel Core i7-4960HQ @ 2.60GHz,9792,294
Intel Core i7-4960X @ 3.60GHz,13794,153
Intel Core i7-4980HQ @ 2.80GHz,10242,255
Intel Core i7-5500U @ 2.40GHz,3971,972
Intel Core i7-5550U @ 2.00GHz,4271,916
Intel Core i7-5557U @ 3.10GHz,4944,788
Intel Core i7-5600U @ 2.60GHz,4309,909
Intel Core i7-5650U @ 2.20GHz,4224,924
Intel Core i7-5675C @ 3.10GHz,8164,425
Intel Core i7-5700EQ @ 2.60GHz,8239,418
Intel Core i7-5700HQ @ 2.70GHz,8369,410
Intel Core i7-5775C @ 3.30GHz,10985,224
Intel Core i7-5775R @ 3.30GHz,10863,229
Intel Core i7-5820K @ 3.30GHz,12989,173
Intel Core i7-5850EQ @ 2.70GHz,9817,293
Intel Core i7-5850HQ @ 2.70GHz,9459,322
Intel Core i7-5930K @ 3.50GHz,13632,158
Intel Core i7-5950HQ @ 2.90GHz,10932,225
Intel Core i7-5960X @ 3.00GHz,15949,102
Intel Core i7-640M @ 2.80GHz,2833,1285
Intel Core i7-6498DU @ 2.50GHz,4538,864
Intel Core i7-6500U @ 2.50GHz,4428,881
Intel Core i7-6560U @ 2.20GHz,4819,809
Intel Core i7-6567U @ 3.30GHz,5648,676
Intel Core i7-6600U @ 2.60GHz,4804,812
Intel Core i7-6650U @ 2.20GHz,4955,786
Intel Core i7-6700 @ 3.40GHz,10008,280
Intel Core i7-6700HQ @ 2.60GHz,8134,429
Intel Core i7-6700K @ 4.00GHz,11109,216
Intel Core i7-6700T @ 2.80GHz,9035,359
Intel Core i7-6700TE @ 2.40GHz,8696,391
Intel Core i7-6770HQ @ 2.60GHz,9720,302
Intel Core i7-6800K @ 3.40GHz,13594,162
Intel Core i7-6820EQ @ 2.80GHz,8968,367
Intel Core i7-6820HK @ 2.70GHz,9119,351
Intel Core i7-6820HQ @ 2.70GHz,8782,385
Intel Core i7-6822EQ @ 2.00GHz,6427,595
Intel Core i7-6850K @ 3.60GHz,14373,137
Intel Core i7-6900K @ 3.20GHz,17692,69
Intel Core i7-6920HQ @ 2.90GHz,9615,309
Intel Core i7-6950X @ 3.00GHz,19957,43
Intel Core i7-720QM @ 1.60GHz,3012,1225
Intel Core i7-740QM @ 1.73GHz,3199,1166
Intel Core i7-7500U @ 2.70GHz,5167,741
Intel Core i7-7560U @ 2.40GHz,5861,646
Intel Core i7-7567U @ 3.50GHz,6502,583
Intel Core i7-7600U @ 2.80GHz,5121,746
Intel Core i7-7660U @ 2.50GHz,6042,630
Intel Core i7-7700 @ 3.60GHz,10742,234
Intel Core i7-7700HQ @ 2.80GHz,8833,382
Intel Core i7-7700K @ 4.20GHz,12038,198
Intel Core i7-7700T @ 2.90GHz,9214,343
Intel Core i7-7740X @ 4.30GHz,12266,190
Intel Core i7-7800X @ 3.50GHz,14575,132
Intel Core i7-7820HK @ 2.90GHz,10025,275
Intel Core i7-7820HQ @ 2.90GHz,9323,335
Intel Core i7-7820X @ 3.60GHz,18543,61
Intel Core i7-7900X @ 3.30GHz,20046,42
Intel Core i7-7920HQ @ 3.10GHz,10062,272
Intel Core i7-7Y75 @ 1.30GHz,3764,1018
Intel Core i7-8086K @ 4.00GHz,16668,82
Intel Core i7-820QM @ 1.73GHz,3228,1155
Intel Core i7-840QM @ 1.87GHz,3405,1105
Intel Core i7-8500Y @ 1.50GHz,3590,1058
Intel Core i7-8550U @ 1.80GHz,8320,413
Intel Core i7-8559U @ 2.70GHz,12163,194
Intel Core i7-8565U @ 1.80GHz,9109,353
Intel Core i7-860 @ 2.80GHz,5008,776
Intel Core i7-860S @ 2.53GHz,4711,823
Intel Core i7-8650U @ 1.90GHz,8827,383
Intel Core i7-870 @ 2.93GHz,5340,720
Intel Core i7-8700 @ 3.20GHz,15139,121
Intel Core i7-8700K @ 3.70GHz,15956,101
Intel Core i7-8700T @ 2.40GHz,12543,185
Intel Core i7-8705G @ 3.10GHz,10076,271
Intel Core i7-8706G @ 3.10GHz,10510,243
Intel Core i7-8709G @ 3.10GHz,9536,313
Intel Core i7-870S @ 2.67GHz,4969,782
Intel Core i7-8750H @ 2.20GHz,12456,186
Intel Core i7-875K @ 2.93GHz,5429,704
Intel Core i7-880 @ 3.07GHz,5595,683
Intel Core i7-8809G @ 3.10GHz,11077,220
Intel Core i7-8850H @ 2.60GHz,13189,170
Intel Core i7-920 @ 2.67GHz,4925,793
Intel Core i7-920XM @ 2.00GHz,3755,1021
Intel Core i7-930 @ 2.80GHz,5143,743
Intel Core i7-940 @ 2.93GHz,5355,716
Intel Core i7-940XM @ 2.13GHz,3945,980
Intel Core i7-950 @ 3.07GHz,5555,686
Intel Core i7-960 @ 3.20GHz,5814,653
Intel Core i7-965 @ 3.20GHz,5856,648
Intel Core i7-970 @ 3.20GHz,8373,409
Intel Core i7-9700K @ 3.60GHz,17348,73
Intel Core i7-975 @ 3.33GHz,6129,621
Intel Core i7-980 @ 3.33GHz,8665,396
Intel Core i7-9800X @ 3.80GHz,20283,38
Intel Core i7-980X @ 3.33GHz,8779,386
Intel Core i7-985 @ 3.47GHz,6641,572
Intel Core i7-990X @ 3.47GHz,9083,355
Intel Core i7-995X @ 3.60GHz,9791,295
Intel Core i9-7900X @ 3.30GHz,21958,24
Intel Core i9-7920X @ 2.90GHz,23203,18
Intel Core i9-7940X @ 3.10GHz,25468,10
Intel Core i9-7960X @ 2.80GHz,25620,9
Intel Core i9-7980XE @ 2.60GHz,27823,5
Intel Core i9-8950HK @ 2.90GHz,14526,134
Intel Core i9-9820X @ 3.30GHz,22508,21
Intel Core i9-9900K @ 3.60GHz,20174,40
Intel Core i9-9940X @ 3.30GHz,28121,3
Intel Core i9-9980XE @ 3.00GHz,30805,1
Intel Core M-5Y10c @ 0.80GHz,2813,1293
Intel Core M-5Y70 @ 1.10GHz,3016,1223
Intel Core M-5Y71 @ 1.20GHz,2988,1235
Intel Core m3-6Y30 @ 0.90GHz,3051,1212
Intel Core m3-7Y30 @ 1.00GHz,3552,1071
Intel Core m3-8100Y @ 1.10GHz,3258,1143
Intel Core m5-6Y54 @ 1.10GHz,3364,1120
Intel Core m5-6Y57 @ 1.10GHz,3244,1149
Intel Core m7-6Y75 @ 1.20GHz,3486,1088
Intel Core2 Extreme Q6800 @ 2.93GHz,3651,1048
Intel Core2 Extreme Q6850 @ 3.00GHz,3635,1050
Intel Core2 Extreme Q9300 @ 2.53GHz,3459,1095
Intel Core2 Extreme X9650 @ 3.00GHz,4162,936
Intel Core2 Extreme X9750 @ 3.16GHz,4504,867
Intel Core2 Extreme X9770 @ 3.20GHz,4611,844
Intel Core2 Extreme X9775 @ 3.20GHz,4646,835
Intel Core2 Quad Q6600 @ 2.40GHz,2954,1245
Intel Core2 Quad Q6700 @ 2.66GHz,3286,1138
Intel Core2 Quad Q8200 @ 2.33GHz,2812,1294
Intel Core2 Quad Q8300 @ 2.50GHz,2984,1237
Intel Core2 Quad Q8400 @ 2.66GHz,3167,1173
Intel Core2 Quad Q9100 @ 2.26GHz,3242,1152
Intel Core2 Quad Q9300 @ 2.50GHz,3160,1179
Intel Core2 Quad Q9400 @ 2.66GHz,3344,1125
Intel Core2 Quad Q9450 @ 2.66GHz,3761,1019
Intel Core2 Quad Q9500 @ 2.83GHz,3548,1074
Intel Core2 Quad Q9505 @ 2.83GHz,3569,1066
Intel Core2 Quad Q9550 @ 2.83GHz,3972,971
Intel Core2 Quad Q9650 @ 3.00GHz,4169,934
Intel Core2 Quad Q9705 @ 3.16GHz,3947,977
Intel Pentium 1403 v2 @ 2.60GHz,3018,1222
Intel Pentium 4405U @ 2.10GHz,2924,1257
Intel Pentium 4415U @ 2.30GHz,3142,1186
Intel Pentium D1508 @ 2.20GHz,3813,1006
Intel Pentium G2030 @ 3.00GHz,2870,1278
Intel Pentium G2100T @ 2.60GHz,2802,1299
Intel Pentium G2120 @ 3.10GHz,3081,1204
Intel Pentium G2130 @ 3.20GHz,3211,1163
Intel Pentium G2140 @ 3.30GHz,3384,1115
Intel Pentium G3220 @ 3.00GHz,3132,1189
Intel Pentium G3240 @ 3.10GHz,3159,1182
Intel Pentium G3240T @ 2.70GHz,2874,1277
Intel Pentium G3250 @ 3.20GHz,3254,1144
Intel Pentium G3250T @ 2.80GHz,2968,1240
Intel Pentium G3258 @ 3.20GHz,3886,987
Intel Pentium G3260 @ 3.30GHz,3370,1118
Intel Pentium G3260T @ 2.90GHz,2930,1253
Intel Pentium G3420 @ 3.20GHz,3400,1108
Intel Pentium G3420T @ 2.70GHz,3008,1226
Intel Pentium G3430 @ 3.30GHz,3395,1112
Intel Pentium G3440 @ 3.30GHz,3304,1134
Intel Pentium G3440T @ 2.80GHz,3101,1198
Intel Pentium G3450 @ 3.40GHz,3700,1037
Intel Pentium G3450T @ 2.90GHz,2967,1242
Intel Pentium G3460 @ 3.50GHz,3593,1056
Intel Pentium G3470 @ 3.60GHz,3717,1030
Intel Pentium G4400 @ 3.30GHz,3555,1069
Intel Pentium G4400T @ 2.90GHz,3219,1160
Intel Pentium G4400TE @ 2.40GHz,2885,1275
Intel Pentium G4500 @ 3.50GHz,3796,1009
Intel Pentium G4500T @ 3.00GHz,3471,1092
Intel Pentium G4520 @ 3.60GHz,4184,932
Intel Pentium G4560 @ 3.50GHz,4871,800
Intel Pentium G4560T @ 2.90GHz,4076,950
Intel Pentium G4600 @ 3.60GHz,5091,753
Intel Pentium G4600T @ 3.00GHz,4272,914
Intel Pentium G4620 @ 3.70GHz,5207,733
Intel Pentium G870 @ 3.10GHz,2829,1286
Intel Pentium Gold G5400 @ 3.70GHz,5185,739
Intel Pentium Gold G5400T @ 3.10GHz,5048,766
Intel Pentium Gold G5500 @ 3.80GHz,5241,730
Intel Pentium Gold G5500T @ 3.20GHz,4218,926
Intel Pentium Gold G5600 @ 3.90GHz,5696,667
Intel Pentium Silver J5005 @ 1.50GHz,2902,1269
Intel Xeon Bronze 3104 @ 1.70GHz,5664,673
Intel Xeon D-1518 @ 2.20GHz,5322,722
Intel Xeon D-1520 @ 2.20GHz,5755,660
Intel Xeon D-1521 @ 2.40GHz,6980,542
Intel Xeon D-1528 @ 1.90GHz,7946,448
Intel Xeon D-1531 @ 2.20GHz,9730,301
Intel Xeon D-1537 @ 1.70GHz,7731,469
Intel Xeon D-1540 @ 2.00GHz,10573,241
Intel Xeon D-1541 @ 2.10GHz,11069,221
Intel Xeon D-1559 @ 1.50GHz,8055,436
Intel Xeon D-1567 @ 2.10GHz,14693,127
Intel Xeon D-1587 @ 1.70GHz,13950,149
Intel Xeon D-2123IT @ 2.20GHz,8140,428
Intel Xeon D-2143IT @ 2.20GHz,13816,151
Intel Xeon D-2183IT @ 2.20GHz,18627,58
Intel Xeon E-2104G @ 3.20GHz,7825,458
Intel Xeon E-2124G @ 3.40GHz,9840,291
Intel Xeon E-2136 @ 3.30GHz,15338,115
Intel Xeon E-2146G @ 3.50GHz,16044,99
Intel Xeon E-2174G @ 3.80GHz,12108,197
Intel Xeon E-2176G @ 3.70GHz,15335,116
Intel Xeon E-2176M @ 2.70GHz,13971,148
Intel Xeon E-2186G @ 3.80GHz,15406,112
Intel Xeon E-2186M @ 2.90GHz,14431,135
Intel Xeon E3-1220 @ 3.10GHz,6097,624
Intel Xeon E3-1220 V2 @ 3.10GHz,6675,568
Intel Xeon E3-1220 v3 @ 3.10GHz,7104,528
Intel Xeon E3-1220 v5 @ 3.00GHz,7740,467
Intel Xeon E3-1220 v6 @ 3.00GHz,7976,445
Intel Xeon E3-1220L @ 2.20GHz,3563,1067
Intel Xeon E3-1220L V2 @ 2.30GHz,4419,883
Intel Xeon E3-1225 @ 3.10GHz,5909,643
Intel Xeon E3-1225 V2 @ 3.20GHz,6873,551
Intel Xeon E3-1225 v3 @ 3.20GHz,7208,517
Intel Xeon E3-1225 v5 @ 3.30GHz,7838,457
Intel Xeon E3-1225 v6 @ 3.30GHz,8144,427
Intel Xeon E3-1226 v3 @ 3.30GHz,7530,486
Intel Xeon E3-1230 @ 3.20GHz,7848,456
Intel Xeon E3-1230 V2 @ 3.30GHz,8856,378
Intel Xeon E3-1230 v3 @ 3.30GHz,9322,336
Intel Xeon E3-1230 v5 @ 3.40GHz,9778,298
Intel Xeon E3-1230 v6 @ 3.50GHz,9644,307
Intel Xeon E3-1230L v3 @ 1.80GHz,7231,516
Intel Xeon E3-1231 v3 @ 3.40GHz,9629,308
Intel Xeon E3-1235 @ 3.20GHz,7680,474
Intel Xeon E3-1235L v5 @ 2.00GHz,6470,589
Intel Xeon E3-1240 @ 3.30GHz,7958,447
Intel Xeon E3-1240 V2 @ 3.40GHz,9138,348
Intel Xeon E3-1240 v3 @ 3.40GHz,9660,306
Intel Xeon E3-1240 v5 @ 3.50GHz,10400,246
Intel Xeon E3-1240 v6 @ 3.70GHz,10148,260
Intel Xeon E3-1240L v3 @ 2.00GHz,7510,487
Intel Xeon E3-1240L v5 @ 2.10GHz,7793,462
Intel Xeon E3-1241 v3 @ 3.50GHz,10015,278
Intel Xeon E3-1245 @ 3.30GHz,8019,441
Intel Xeon E3-1245 V2 @ 3.40GHz,9126,350
Intel Xeon E3-1245 v3 @ 3.40GHz,9581,311
Intel Xeon E3-1245 v5 @ 3.50GHz,10186,258
Intel Xeon E3-1245 v6 @ 3.70GHz,10575,240
Intel Xeon E3-1246 v3 @ 3.50GHz,9856,290
Intel Xeon E3-1260L @ 2.40GHz,6534,581
Intel Xeon E3-1260L v5 @ 2.90GHz,10083,268
Intel Xeon E3-1265L @ 2.40GHz,6038,631
Intel Xeon E3-1265L V2 @ 2.50GHz,7785,463
Intel Xeon E3-1265L v3 @ 2.50GHz,9210,344
Intel Xeon E3-1265L v4 @ 2.30GHz,9060,357
Intel Xeon E3-1268L v3 @ 2.30GHz,7850,455
Intel Xeon E3-1268L v5 @ 2.40GHz,8695,392
Intel Xeon E3-1270 @ 3.40GHz,8238,419
Intel Xeon E3-1270 V2 @ 3.50GHz,9470,320
Intel Xeon E3-1270 v3 @ 3.50GHz,9898,287
Intel Xeon E3-1270 v5 @ 3.60GHz,10334,252
Intel Xeon E3-1270 v6 @ 3.80GHz,11135,214
Intel Xeon E3-1271 v3 @ 3.60GHz,10087,267
Intel Xeon E3-1275 @ 3.40GHz,8348,411
Intel Xeon E3-1275 V2 @ 3.50GHz,9445,327
Intel Xeon E3-1275 v3 @ 3.50GHz,9901,285
Intel Xeon E3-1275 v5 @ 3.60GHz,10358,250
Intel Xeon E3-1275 v6 @ 3.80GHz,11113,215
Intel Xeon E3-1275L v3 @ 2.70GHz,8874,377
Intel Xeon E3-1276 v3 @ 3.60GHz,10170,259
Intel Xeon E3-1280 @ 3.50GHz,8473,404
Intel Xeon E3-1280 V2 @ 3.60GHz,9447,325
Intel Xeon E3-1280 v3 @ 3.60GHz,9747,300
Intel Xeon E3-1280 v5 @ 3.70GHz,10666,237
Intel Xeon E3-1280 v6 @ 3.90GHz,11371,209
Intel Xeon E3-1281 v3 @ 3.70GHz,10349,251
Intel Xeon E3-1285 v3 @ 3.60GHz,10359,249
Intel Xeon E3-1285 v4 @ 3.50GHz,10641,238
Intel Xeon E3-1285 v6 @ 4.10GHz,11955,202
Intel Xeon E3-1285L v3 @ 3.10GHz,9981,282
Intel Xeon E3-1285L v4 @ 3.40GHz,11048,222
Intel Xeon E3-1286 v3 @ 3.70GHz,9899,286
Intel Xeon E3-1286L v3 @ 3.20GHz,9495,316
Intel Xeon E3-1290 @ 3.60GHz,8699,390
Intel Xeon E3-1290 V2 @ 3.70GHz,9709,304
Intel Xeon E3-1505L v5 @ 2.00GHz,7082,530
Intel Xeon E3-1505M v5 @ 2.80GHz,8922,374
Intel Xeon E3-1505M v6 @ 3.00GHz,9868,289
Intel Xeon E3-1515M v5 @ 2.80GHz,10093,265
Intel Xeon E3-1535M v5 @ 2.90GHz,9319,337
Intel Xeon E3-1535M v6 @ 3.10GHz,10589,239
Intel Xeon E3-1545M v5 @ 2.90GHz,10451,245
Intel Xeon E3-1575M v5 @ 3.00GHz,10755,231
Intel Xeon E3-1585 v5 @ 3.50GHz,10743,233
Intel Xeon E3-1585L v5 @ 3.00GHz,10689,236
Intel Xeon E5-1410 @ 2.80GHz,7312,508
Intel Xeon E5-1410 v2 @ 2.80GHz,7430,497
Intel Xeon E5-1603 @ 2.80GHz,5551,687
Intel Xeon E5-1603 v3 @ 2.80GHz,6167,617
Intel Xeon E5-1603 v4 @ 2.80GHz,6420,596
Intel Xeon E5-1607 @ 3.00GHz,5857,647
Intel Xeon E5-1607 v2 @ 3.00GHz,6199,613
Intel Xeon E5-1607 v3 @ 3.10GHz,6947,543
Intel Xeon E5-1607 v4 @ 3.10GHz,7249,514
Intel Xeon E5-1620 @ 3.60GHz,9055,358
Intel Xeon E5-1620 v2 @ 3.70GHz,9460,321
Intel Xeon E5-1620 v3 @ 3.50GHz,9760,299
Intel Xeon E5-1620 v4 @ 3.50GHz,9922,283
Intel Xeon E5-1630 v3 @ 3.70GHz,10277,254
Intel Xeon E5-1630 v4 @ 3.70GHz,10302,253
Intel Xeon E5-1650 @ 3.20GHz,11744,205
Intel Xeon E5-1650 v2 @ 3.50GHz,12724,179
Intel Xeon E5-1650 v3 @ 3.50GHz,13613,161
Intel Xeon E5-1650 v4 @ 3.60GHz,14242,140
Intel Xeon E5-1660 @ 3.30GHz,12364,187
Intel Xeon E5-1660 v2 @ 3.70GHz,13762,154
Intel Xeon E5-1660 v3 @ 3.00GHz,14565,133
Intel Xeon E5-1660 v4 @ 3.20GHz,16192,96
Intel Xeon E5-1680 v2 @ 3.00GHz,16345,89
Intel Xeon E5-1680 v3 @ 3.20GHz,16459,85
Intel Xeon E5-1680 v4 @ 3.40GHz,17093,75
Intel Xeon E5-1681 v3 @ 2.90GHz,18238,65
Intel Xeon E5-2403 @ 1.80GHz,3523,1079
Intel Xeon E5-2403 v2 @ 1.80GHz,3418,1103
Intel Xeon E5-2407 @ 2.20GHz,4027,960
Intel Xeon E5-2407 v2 @ 2.40GHz,4498,868
Intel Xeon E5-2418L @ 2.00GHz,5202,734
Intel Xeon E5-2420 @ 1.90GHz,7045,534
Intel Xeon E5-2420 v2 @ 2.20GHz,8629,398
Intel Xeon E5-2430 @ 2.20GHz,6878,550
Intel Xeon E5-2430 v2 @ 2.50GHz,8833,381
Intel Xeon E5-2430L @ 2.00GHz,7269,513
Intel Xeon E5-2430L v2 @ 2.40GHz,6627,574
Intel Xeon E5-2440 @ 2.40GHz,9178,345
Intel Xeon E5-2440 v2 @ 1.90GHz,9425,328
Intel Xeon E5-2448L v2 @ 1.80GHz,8954,369
Intel Xeon E5-2450 @ 2.10GHz,10186,257
Intel Xeon E5-2450L @ 1.80GHz,8261,415
Intel Xeon E5-2470 @ 2.30GHz,10061,273
Intel Xeon E5-2470 v2 @ 2.40GHz,12836,175
Intel Xeon E5-2603 @ 1.80GHz,3580,1064
Intel Xeon E5-2603 v2 @ 1.80GHz,3766,1017
Intel Xeon E5-2603 v3 @ 1.60GHz,5172,740
Intel Xeon E5-2603 v4 @ 1.70GHz,5451,700
Intel Xeon E5-2608L v3 @ 2.00GHz,7857,454
Intel Xeon E5-2609 @ 2.40GHz,4616,842
Intel Xeon E5-2609 v2 @ 2.50GHz,5149,742
Intel Xeon E5-2609 v3 @ 1.90GHz,5940,640
Intel Xeon E5-2609 v4 @ 1.70GHz,6915,548
Intel Xeon E5-2618L v3 @ 2.30GHz,12186,193
Intel Xeon E5-2618L v4 @ 2.20GHz,14592,131
Intel Xeon E5-2620 @ 2.00GHz,7919,451
Intel Xeon E5-2620 v2 @ 2.10GHz,8702,389
Intel Xeon E5-2620 v3 @ 2.40GHz,10020,277
Intel Xeon E5-2620 v4 @ 2.10GHz,11364,210
Intel Xeon E5-2623 v3 @ 3.00GHz,8937,372
Intel Xeon E5-2623 v4 @ 2.60GHz,8208,421
Intel Xeon E5-2628L v2 @ 1.90GHz,9405,330
Intel Xeon E5-2628L v3 @ 2.00GHz,11965,201
Intel Xeon E5-2628L v4 @ 1.90GHz,13268,168
Intel Xeon E5-2629 v3 @ 2.40GHz,11022,223
Intel Xeon E5-2630 @ 2.30GHz,8877,376
Intel Xeon E5-2630 v2 @ 2.60GHz,10385,248
Intel Xeon E5-2630 v3 @ 2.40GHz,12797,177
Intel Xeon E5-2630 v4 @ 2.20GHz,13884,150
Intel Xeon E5-2630L @ 2.00GHz,7865,453
Intel Xeon E5-2630L v2 @ 2.40GHz,9006,365
Intel Xeon E5-2630L v3 @ 1.80GHz,9476,319
Intel Xeon E5-2630L v4 @ 1.80GHz,12847,174
Intel Xeon E5-2637 v2 @ 3.50GHz,9447,326
Intel Xeon E5-2637 v3 @ 3.50GHz,10144,261
Intel Xeon E5-2637 v4 @ 3.50GHz,10468,244
Intel Xeon E5-2640 @ 2.50GHz,9512,315
Intel Xeon E5-2640 v2 @ 2.00GHz,10009,279
Intel Xeon E5-2640 v3 @ 2.60GHz,13978,147
Intel Xeon E5-2640 v4 @ 2.40GHz,15329,117
Intel Xeon E5-2643 @ 3.30GHz,8423,407
Intel Xeon E5-2643 v2 @ 3.50GHz,12824,176
Intel Xeon E5-2643 v3 @ 3.40GHz,13801,152
Intel Xeon E5-2643 v4 @ 3.40GHz,13618,160
Intel Xeon E5-2648L @ 1.80GHz,7426,498
Intel Xeon E5-2648L v3 @ 1.80GHz,11392,208
Intel Xeon E5-2648L v4 @ 1.80GHz,13654,157
Intel Xeon E5-2649 v3 @ 2.30GHz,14677,129
Intel Xeon E5-2650 @ 2.00GHz,10129,263
Intel Xeon E5-2650 v2 @ 2.60GHz,13078,171
Intel Xeon E5-2650 v3 @ 2.30GHz,14841,126
Intel Xeon E5-2650 v4 @ 2.20GHz,15912,104
Intel Xeon E5-2650L @ 1.80GHz,8676,395
Intel Xeon E5-2650L v3 @ 1.80GHz,13513,164
Intel Xeon E5-2650L v4 @ 1.70GHz,14093,144
Intel Xeon E5-2651 v2 @ 1.80GHz,11275,212
Intel Xeon E5-2658 @ 2.10GHz,9484,318
Intel Xeon E5-2658 v2 @ 2.40GHz,14128,143
Intel Xeon E5-2658 v3 @ 2.20GHz,16298,94
Intel Xeon E5-2658 v4 @ 2.30GHz,16754,81
Intel Xeon E5-2660 @ 2.20GHz,11098,218
Intel Xeon E5-2660 v2 @ 2.20GHz,13372,167
Intel Xeon E5-2660 v3 @ 2.60GHz,16184,97
Intel Xeon E5-2660 v4 @ 2.00GHz,17069,77
Intel Xeon E5-2663 v3 @ 2.80GHz,13994,146
Intel Xeon E5-2665 @ 2.40GHz,11599,207
Intel Xeon E5-2667 @ 2.90GHz,10400,247
Intel Xeon E5-2667 v2 @ 3.30GHz,16256,95
Intel Xeon E5-2667 v3 @ 3.20GHz,16119,98
Intel Xeon E5-2667 v4 @ 3.20GHz,16447,86
Intel Xeon E5-2670 @ 2.60GHz,12137,195
Intel Xeon E5-2670 v2 @ 2.50GHz,14966,125
Intel Xeon E5-2670 v3 @ 2.30GHz,16303,93
Intel Xeon E5-2673 v2 @ 3.30GHz,16320,91
Intel Xeon E5-2673 v3 @ 2.40GHz,17071,76
Intel Xeon E5-2673 v4 @ 2.30GHz,21474,30
Intel Xeon E5-2675 v3 @ 1.80GHz,15156,120
Intel Xeon E5-2676 v3 @ 2.40GHz,17670,70
Intel Xeon E5-2678 v3 @ 2.50GHz,16905,79
Intel Xeon E5-2679 v4 @ 2.50GHz,25266,12
Intel Xeon E5-2680 @ 2.70GHz,12638,182
Intel Xeon E5-2680 v2 @ 2.80GHz,15861,107
Intel Xeon E5-2680 v3 @ 2.50GHz,18585,59
Intel Xeon E5-2680 v4 @ 2.40GHz,19886,46
Intel Xeon E5-2682 v4 @ 2.50GHz,21066,35
Intel Xeon E5-2683 v3 @ 2.00GHz,17415,71
Intel Xeon E5-2683 v4 @ 2.10GHz,19047,54
Intel Xeon E5-2685 v3 @ 2.60GHz,15004,123
Intel Xeon E5-2686 v3 @ 2.00GHz,19255,52
Intel Xeon E5-2686 v4 @ 2.30GHz,19801,47
Intel Xeon E5-2687W @ 3.10GHz,14381,136
Intel Xeon E5-2687W v2 @ 3.40GHz,16492,84
Intel Xeon E5-2687W v3 @ 3.10GHz,17720,68
Intel Xeon E5-2687W v4 @ 3.00GHz,19933,44
Intel Xeon E5-2689 @ 2.60GHz,13427,166
Intel Xeon E5-2689 v4 @ 3.10GHz,19892,45
Intel Xeon E5-2690 @ 2.90GHz,13713,156
Intel Xeon E5-2690 v2 @ 3.00GHz,16436,87
Intel Xeon E5-2690 v3 @ 2.60GHz,19295,51
Intel Xeon E5-2690 v4 @ 2.60GHz,21326,32
Intel Xeon E5-2692 v2 @ 2.20GHz,16018,100
Intel Xeon E5-2695 v2 @ 2.40GHz,15847,108
Intel Xeon E5-2695 v3 @ 2.30GHz,20081,41
Intel Xeon E5-2695 v4 @ 2.10GHz,20258,39
Intel Xeon E5-2696 v2 @ 2.50GHz,16620,83
Intel Xeon E5-2696 v3 @ 2.30GHz,22548,20
Intel Xeon E5-2696 v4 @ 2.20GHz,21077,34
Intel Xeon E5-2697 v2 @ 2.70GHz,17405,72
Intel Xeon E5-2697 v3 @ 2.60GHz,21365,31
Intel Xeon E5-2697 v4 @ 2.30GHz,21525,28
Intel Xeon E5-2697A v4 @ 2.60GHz,21875,25
Intel Xeon E5-2698 v3 @ 2.30GHz,21133,33
Intel Xeon E5-2698 v4 @ 2.20GHz,21836,26
Intel Xeon E5-2699 v3 @ 2.30GHz,22375,22
Intel Xeon E5-2699 v4 @ 2.20GHz,23200,19
Intel Xeon E5-4603 @ 2.00GHz,5014,774
Intel Xeon E5-4617 @ 2.90GHz,8684,393
Intel Xeon E5-4620 @ 2.20GHz,8127,430
Intel Xeon E5-4627 v3 @ 2.60GHz,14206,141
Intel Xeon E5-4627 v4 @ 2.60GHz,15516,111
Intel Xeon E5-4640 @ 2.40GHz,10523,242
Intel Xeon E5-4640 v3 @ 1.90GHz,12703,180
Intel Xeon E5-4648 v3 @ 1.70GHz,11097,219
Intel Xeon E5-4650 @ 2.70GHz,12117,196
Intel Xeon E5-4650L @ 2.60GHz,11821,204
Intel Xeon E5-4655 v3 @ 2.90GHz,12292,189
Intel Xeon E5-4657L v2 @ 2.40GHz,15896,106
Intel Xeon E5-4660 v3 @ 2.10GHz,15556,110
Intel Xeon E5-4669 v4 @ 2.20GHz,13626,159
Intel Xeon E5345 @ 2.33GHz,2923,1258
Intel Xeon E5405 @ 2.00GHz,2850,1282
Intel Xeon E5410 @ 2.33GHz,3267,1141
Intel Xeon E5420 @ 2.50GHz,3502,1084
Intel Xeon E5430 @ 2.66GHz,3774,1015
Intel Xeon E5440 @ 2.83GHz,3977,970
Intel Xeon E5450 @ 3.00GHz,4197,928
Intel Xeon E5462 @ 2.80GHz,3885,988
Intel Xeon E5472 @ 3.00GHz,4126,945
Intel Xeon E5506 @ 2.13GHz,2977,1239
Intel Xeon E5507 @ 2.27GHz,3137,1187
Intel Xeon E5520 @ 2.27GHz,4435,877
Intel Xeon E5530 @ 2.40GHz,4605,848
Intel Xeon E5540 @ 2.53GHz,4758,819
Intel Xeon E5606 @ 2.13GHz,3049,1216
Intel Xeon E5607 @ 2.27GHz,3387,1114
Intel Xeon E5620 @ 2.40GHz,4826,808
Intel Xeon E5630 @ 2.53GHz,5088,754
Intel Xeon E5640 @ 2.67GHz,5263,728
Intel Xeon E5645 @ 2.40GHz,6482,586
Intel Xeon E5649 @ 2.53GHz,6936,546
Intel Xeon E7- 2830 @ 2.13GHz,3118,1191
Intel Xeon Gold 5118 @ 2.30GHz,16389,88
Intel Xeon Gold 5120 @ 2.20GHz,16308,92
Intel Xeon Gold 5120T @ 2.20GHz,18145,66
Intel Xeon Gold 5122 @ 3.60GHz,11104,217
Intel Xeon Gold 6126 @ 2.60GHz,19711,48
Intel Xeon Gold 6128 @ 3.40GHz,15022,122
Intel Xeon Gold 6130 @ 2.10GHz,19060,53
Intel Xeon Gold 6132 @ 2.60GHz,23907,17
Intel Xeon Gold 6134 @ 3.20GHz,18083,67
Intel Xeon Gold 6136 @ 3.00GHz,21018,36
Intel Xeon Gold 6138 @ 2.00GHz,25416,11
Intel Xeon Gold 6140 @ 2.30GHz,23964,16
Intel Xeon Gold 6144 @ 3.50GHz,19654,49
Intel Xeon Gold 6146 @ 3.20GHz,25142,13
Intel Xeon Gold 6154 @ 3.00GHz,27722,6
Intel Xeon L3360 @ 2.83GHz,3864,991
Intel Xeon L3426 @ 1.87GHz,3837,996
Intel Xeon L5408 @ 2.13GHz,3037,1219
Intel Xeon L5410 @ 2.33GHz,3370,1119
Intel Xeon L5420 @ 2.50GHz,3504,1083
Intel Xeon L5430 @ 2.66GHz,3716,1031
Intel Xeon L5506 @ 2.13GHz,3715,1032
Intel Xeon L5520 @ 2.27GHz,4387,889
Intel Xeon L5530 @ 2.40GHz,4351,898
Intel Xeon L5630 @ 2.13GHz,4369,894
Intel Xeon L5638 @ 2.00GHz,5556,685
Intel Xeon L5639 @ 2.13GHz,6835,552
Intel Xeon L5640 @ 2.27GHz,6405,599
Intel Xeon L7455 @ 2.13GHz,3836,997
Intel Xeon Platinum 8124M @ 3.00GHz,26652,7
Intel Xeon Platinum 8173M @ 2.00GHz,28860,2
Intel Xeon Platinum 8175M @ 2.50GHz,28103,4
Intel Xeon Silver 4108 @ 1.80GHz,10883,228
Intel Xeon Silver 4109T @ 2.00GHz,10854,230
Intel Xeon Silver 4110 @ 2.10GHz,12020,199
Intel Xeon Silver 4112 @ 2.60GHz,8607,399
Intel Xeon Silver 4114 @ 2.20GHz,14278,139
Intel Xeon Silver 4116 @ 2.10GHz,15248,118
Intel Xeon Silver 4123 @ 3.00GHz,15185,119
Intel Xeon W-2102 @ 2.90GHz,7030,537
Intel Xeon W-2104 @ 3.20GHz,7782,464
Intel Xeon W-2123 @ 3.60GHz,10726,235
Intel Xeon W-2125 @ 4.00GHz,12363,188
Intel Xeon W-2133 @ 3.60GHz,14053,145
Intel Xeon W-2135 @ 3.70GHz,16325,90
Intel Xeon W-2140B @ 3.20GHz,18472,63
Intel Xeon W-2145 @ 3.70GHz,19601,50
Intel Xeon W-2150B @ 3.00GHz,21522,29
Intel Xeon W-2155 @ 3.30GHz,21790,27
Intel Xeon W-2195 @ 2.30GHz,24983,14
Intel Xeon W3520 @ 2.67GHz,5059,763
Intel Xeon W3530 @ 2.80GHz,5359,715
Intel Xeon W3540 @ 2.93GHz,5472,696
Intel Xeon W3550 @ 3.07GHz,5696,668
Intel Xeon W3565 @ 3.20GHz,5943,639
Intel Xeon W3570 @ 3.20GHz,6084,626
Intel Xeon W3580 @ 3.33GHz,6433,592
Intel Xeon W3670 @ 3.20GHz,8156,426
Intel Xeon W3680 @ 3.33GHz,9081,356
Intel Xeon W3690 @ 3.47GHz,9160,346
Intel Xeon W5580 @ 3.20GHz,5836,652
Intel Xeon W5590 @ 3.33GHz,6183,614
Intel Xeon X3220 @ 2.40GHz,3087,1202
Intel Xeon X3230 @ 2.66GHz,3425,1101
Intel Xeon X3320 @ 2.50GHz,3309,1133
Intel Xeon X3323 @ 2.50GHz,3167,1174
Intel Xeon X3330 @ 2.66GHz,3375,1117
Intel Xeon X3350 @ 2.66GHz,3847,994
Intel Xeon X3353 @ 2.66GHz,3853,993
Intel Xeon X3360 @ 2.83GHz,3955,975
Intel Xeon X3363 @ 2.83GHz,3998,966
Intel Xeon X3370 @ 3.00GHz,4286,912
Intel Xeon X3380 @ 3.16GHz,4665,831
Intel Xeon X3430 @ 2.40GHz,3361,1121
Intel Xeon X3440 @ 2.53GHz,4540,861
Intel Xeon X3450 @ 2.67GHz,4803,813
Intel Xeon X3460 @ 2.80GHz,5117,747
Intel Xeon X3470 @ 2.93GHz,5123,745
Intel Xeon X3480 @ 3.07GHz,5657,674
Intel Xeon X5355 @ 2.66GHz,3223,1156
Intel Xeon X5365 @ 3.00GHz,3491,1085
Intel Xeon X5450 @ 3.00GHz,4123,946
Intel Xeon X5460 @ 3.16GHz,4333,902
Intel Xeon X5470 @ 3.33GHz,4600,849
Intel Xeon X5472 @ 3.00GHz,4034,957
Intel Xeon X5482 @ 3.20GHz,4571,854
Intel Xeon X5492 @ 3.40GHz,4844,806
Intel Xeon X5550 @ 2.67GHz,5404,708
Intel Xeon X5560 @ 2.80GHz,5399,710
Intel Xeon X5570 @ 2.93GHz,5679,670
Intel Xeon X5647 @ 2.93GHz,5980,634
Intel Xeon X5650 @ 2.67GHz,7405,501
Intel Xeon X5660 @ 2.80GHz,7618,482
Intel Xeon X5667 @ 3.07GHz,6299,605
Intel Xeon X5670 @ 2.93GHz,7926,450
Intel Xeon X5672 @ 3.20GHz,6419,597
Intel Xeon X5675 @ 3.07GHz,8298,414
Intel Xeon X5677 @ 3.47GHz,6982,541
Intel Xeon X5679 @ 3.20GHz,8845,379
Intel Xeon X5680 @ 3.33GHz,8550,402
Intel Xeon X5687 @ 3.60GHz,7081,531
Intel Xeon X5690 @ 3.47GHz,8924,373
Intel Xeon X5698 @ 4.40GHz,4272,915
Intel Xeon X6550 @ 2.00GHz,2977,1238
Quad-Core AMD Opteron 1385,3442,1098
Quad-Core AMD Opteron 1389,3427,1100
Six-Core AMD Opteron 2419 EE,2925,1256
