Type,Part Number,Brand,Model,Rank,Benchmark,Samples,URL
RAM,F4-2400C14Q2-128GRK,G.SKILL,Ripjaws 4 DDR4 2400 C14 8x16GB,1,125,31,https://ram.userbenchmark.com/GSKILL-Ripjaws-4-DDR4-2400-C14-8x16GB/Rating/3567
RAM,F4-3200C14Q-32GFX,G.SKILL,Flare X DDR4 3200 C14 4x8GB,2,123,856,https://ram.userbenchmark.com/SpeedTest/270794/GSKILL-F4-3200C14-8GFX-4x8GB
RAM,F4-3200C14Q-64GTZ,G.SKILL,Trident Z DDR4 3200 C14 4x16GB,3,115,433,https://ram.userbenchmark.com/GSKILL-Trident-Z-DDR4-3200-C14-4x16GB/Rating/3612
RAM,BLS4K8G4D240FSA,Crucial,Ballistix Sport DDR4 2400 C16 8x4GB,4,110,53,https://ram.userbenchmark.com/SpeedTest/93395/Crucial-BLS4G4D240FSAM8FAD-8x4GB
RAM,CMD64GX4M4B3000C15,Corsair,Dominator DDR4 3000 C15 4x16GB,5,105,56,https://ram.userbenchmark.com/Corsair-Dominator-DDR4-3000-C15-4x16GB/Rating/3565
RAM,F4-3200C14D-16GFX,G.SKILL,Flare X DDR4 3200 C14 2x8GB,6,105,11787,https://ram.userbenchmark.com/SpeedTest/255366/GSKILL-F4-3200C14-8GFX-2x8GB
RAM,F4-3200C15Q-64GTZ,G.SKILL,Trident Z DDR4 3200 C15 4x16GB,7,104,106,https://ram.userbenchmark.com/GSKILL-Trident-Z-DDR4-3200-C15-4x16GB/Rating/3613
RAM,CMK32GX4M4A2666C15,Corsair,Vengeance LPX DDR4 2666 C15 4x8GB,8,100,400,https://ram.userbenchmark.com/SpeedTest/89347/Corsair-Vengeance-LPX-CMK32GX4M4A2666C15-4x8GB
RAM,F4-3600C16D-16GTZ,G.SKILL,Trident Z DDR4 3600 C16 2x8GB,9,100,1455,https://ram.userbenchmark.com/GSKILL-Trident-Z-DDR4-3600-C16-2x8GB/Rating/3562
RAM,F4-3600C17D-16GTZ,G.SKILL,Trident Z DDR4 3600 C17 2x8GB,10,99.7,539,https://ram.userbenchmark.com/GSKILL-Trident-Z-DDR4-3600-C17-2x8GB/Rating/3563
RAM,BLS4K4G4D240FSA,Crucial,Ballistix Sport DDR4 2400 C16 4x4GB,11,99.4,1137,https://ram.userbenchmark.com/Crucial-Ballistix-Sport-DDR4-2400-C16-4x4GB/Rating/3561
RAM,F4-3200C16Q-64GVK,G.SKILL,Ripjaws V DDR4 3200 C16 4x16GB,12,98.9,852,https://ram.userbenchmark.com/GSKILL-Ripjaws-V-DDR4-3200-C16-4x16GB/Rating/3564
RAM,F4-3000C15Q-16GRR,G.SKILL,Ripjaws 4 DDR4 3000 C15 4x4GB,13,98.4,1622,https://ram.userbenchmark.com/GSKILL-Ripjaws-4-DDR4-3000-C15-4x4GB/Rating/3540
RAM,F4-3000C15Q-16GRB,G.SKILL,Ripjaws 4 DDR4 3000 C15 4x4GB,13,98.4,1622,https://ram.userbenchmark.com/GSKILL-Ripjaws-4-DDR4-3000-C15-4x4GB/Rating/3540
RAM,F4-3000C15Q-16GRK,G.SKILL,Ripjaws 4 DDR4 3000 C15 4x4GB,13,98.4,1622,https://ram.userbenchmark.com/GSKILL-Ripjaws-4-DDR4-3000-C15-4x4GB/Rating/3540
RAM,HX426C15FBK4/32,HyperX,Fury DDR4 2666 C15 4x8GB,14,95.5,2567,https://ram.userbenchmark.com/HyperX-Fury-DDR4-2666-C15-4x8GB/Rating/3570
RAM,CMR16GX4M2C3466C16,Corsair,Vengeance RGB DDR4 3466 C16 2x8GB,15,94.6,1824,https://ram.userbenchmark.com/SpeedTest/287318/Corsair-CMR16GX4M2C3466C16-2x8GB
RAM,F4-2800C16Q-16GRR,G.SKILL,Ripjaws 4 DDR4 2800 C16 4x4GB,16,93.5,580,https://ram.userbenchmark.com/GSKILL-Ripjaws-4-DDR4-2800-C16-4x4GB/Rating/3608
RAM,F4-2800C16Q-16GRB,G.SKILL,Ripjaws 4 DDR4 2800 C16 4x4GB,16,93.5,580,https://ram.userbenchmark.com/GSKILL-Ripjaws-4-DDR4-2800-C16-4x4GB/Rating/3608
RAM,F4-2800C16Q-16GRK,G.SKILL,Ripjaws 4 DDR4 2800 C16 4x4GB,16,93.5,580,https://ram.userbenchmark.com/GSKILL-Ripjaws-4-DDR4-2800-C16-4x4GB/Rating/3608
RAM,CMR16GX4M2C3600C18,Corsair,Vengeance RGB DDR4 3600 C18 2x8GB,17,93.4,1472,https://ram.userbenchmark.com/SpeedTest/315553/Corsair-CMR16GX4M2C3600C18-2x8GB
RAM,CMK16GX4M4B3000C15,Corsair,Vengeance LPX DDR4 3000 C15 4x4GB,18,92.8,2645,https://ram.userbenchmark.com/Corsair-Vengeance-LPX-DDR4-3000-C15-4x4GB/Rating/3558
RAM,CMK16GX4M4B3000C15B,Corsair,Vengeance LPX DDR4 3000 C15 4x4GB,18,92.8,2645,https://ram.userbenchmark.com/Corsair-Vengeance-LPX-DDR4-3000-C15-4x4GB/Rating/3558
RAM,CMK16GX4M4B3000C15R,Corsair,Vengeance LPX DDR4 3000 C15 4x4GB,18,92.8,2645,https://ram.userbenchmark.com/Corsair-Vengeance-LPX-DDR4-3000-C15-4x4GB/Rating/3558
RAM,CMK16GX4M4A2800C16,Corsair,Vengeance LPX DDR4 2800 C16 4x4GB,19,91.8,1478,https://ram.userbenchmark.com/Corsair-Vengeance-LPX-DDR4-2800-C16-4x4GB/Rating/3541
RAM,CMK16GX4M4A2800C16B,Corsair,Vengeance LPX DDR4 2800 C16 4x4GB,19,91.8,1478,https://ram.userbenchmark.com/Corsair-Vengeance-LPX-DDR4-2800-C16-4x4GB/Rating/3541
RAM,CMK16GX4M4A2800C16R,Corsair,Vengeance LPX DDR4 2800 C16 4x4GB,19,91.8,1478,https://ram.userbenchmark.com/Corsair-Vengeance-LPX-DDR4-2800-C16-4x4GB/Rating/3541
RAM,F4-3200C16D-16GTZB,G.SKILL,Trident Z DDR4 3200 C16 2x8GB,20,91.6,11159,https://ram.userbenchmark.com/GSKILL-Trident-Z-DDR4-3200-C16-2x8GB/Rating/3550
RAM,F4-3600C17D-8GTZ,G.SKILL,Trident Z DDR4 3600 C17 2x4GB,21,91.2,86,https://ram.userbenchmark.com/GSKILL-Trident-Z-DDR4-3600-C17-2x4GB/Rating/3566
RAM,F4-3200C16D-16GTZR,G.SKILL,Trident Z RGB DDR4 3200 C16 2x8GB,22,90.9,40556,https://ram.userbenchmark.com/SpeedTest/231020/GSKILL-F4-3200C16-8GTZR-2x8GB
RAM,F4-3200C16D-16GVKB,G.SKILL,Ripjaws V DDR4 3200 C16 2x8GB,23,90.9,36932,https://ram.userbenchmark.com/SpeedTest/89324/GSKILL-F4-3200C16-8GVKB-2x8GB
RAM,CMK32GX4M4A2666C16,Corsair,Vengeance LPX DDR4 2666 C16 4x8GB,24,90.6,2794,https://ram.userbenchmark.com/Corsair-Vengeance-LPX-DDR4-2666-C16-4x8GB/Rating/3586
RAM,CMK32GX4M4A2666C16B,Corsair,Vengeance LPX DDR4 2666 C16 4x8GB,24,90.6,2794,https://ram.userbenchmark.com/Corsair-Vengeance-LPX-DDR4-2666-C16-4x8GB/Rating/3586
RAM,CMK32GX4M4A2666C16R,Corsair,Vengeance LPX DDR4 2666 C16 4x8GB,24,90.6,2794,https://ram.userbenchmark.com/Corsair-Vengeance-LPX-DDR4-2666-C16-4x8GB/Rating/3586
RAM,CMK32GX4M4A2400C14,Corsair,Vengeance LPX DDR4 2400 C14 4x8GB,25,90.1,1834,https://ram.userbenchmark.com/Corsair-Vengeance-LPX-DDR4-2400-C14-4x8GB/Rating/3542
RAM,CMK32GX4M4A2400C14B,Corsair,Vengeance LPX DDR4 2400 C14 4x8GB,25,90.1,1834,https://ram.userbenchmark.com/Corsair-Vengeance-LPX-DDR4-2400-C14-4x8GB/Rating/3542
RAM,CMK32GX4M4A2400C14R,Corsair,Vengeance LPX DDR4 2400 C14 4x8GB,25,90.1,1834,https://ram.userbenchmark.com/Corsair-Vengeance-LPX-DDR4-2400-C14-4x8GB/Rating/3542
RAM,CMK16GX4M2B3200C16,Corsair,Vengeance LPX DDR4 3200 C16 2x8GB,26,89.9,64628,https://ram.userbenchmark.com/Corsair-Vengeance-LPX-DDR4-3200-C16-2x8GB/Rating/3547
RAM,CMK16GX4M2B3200C16R,Corsair,Vengeance LPX DDR4 3200 C16 2x8GB,26,89.9,64628,https://ram.userbenchmark.com/Corsair-Vengeance-LPX-DDR4-3200-C16-2x8GB/Rating/3547
RAM,CMK16GX4M4A2666C16,Corsair,Vengeance LPX DDR4 2666 C16 4x4GB,27,89.5,2403,https://ram.userbenchmark.com/Corsair-Vengeance-LPX-DDR4-2666-C16-4x4GB/Rating/3557
RAM,CMK16GX4M4A2666C16B,Corsair,Vengeance LPX DDR4 2666 C16 4x4GB,27,89.5,2403,https://ram.userbenchmark.com/Corsair-Vengeance-LPX-DDR4-2666-C16-4x4GB/Rating/3557
RAM,CMK16GX4M4A2666C16R,Corsair,Vengeance LPX DDR4 2666 C16 4x4GB,27,89.5,2403,https://ram.userbenchmark.com/Corsair-Vengeance-LPX-DDR4-2666-C16-4x4GB/Rating/3557
RAM,CMK16GX4M4A2400C14,Corsair,Vengeance LPX DDR4 2400 C14 4x4GB,28,89.4,1596,https://ram.userbenchmark.com/Corsair-Vengeance-LPX-DDR4-2400-C14-4x4GB/Rating/3533
RAM,CMK16GX4M4A2400C14B,Corsair,Vengeance LPX DDR4 2400 C14 4x4GB,28,89.4,1596,https://ram.userbenchmark.com/Corsair-Vengeance-LPX-DDR4-2400-C14-4x4GB/Rating/3533
RAM,CMK16GX4M4A2400C14R,Corsair,Vengeance LPX DDR4 2400 C14 4x4GB,28,89.4,1596,https://ram.userbenchmark.com/Corsair-Vengeance-LPX-DDR4-2400-C14-4x4GB/Rating/3533
RAM,CMK32GX4M4A2400C16,Corsair,Vengeance LPX DDR4 2400 C16 4x8GB,29,88.7,472,https://ram.userbenchmark.com/SpeedTest/108268/Corsair-Vengeance-LPX-CMK32GX4M4A2400C16-4x8GB
RAM,CMU16GX4M2C3200C16,Corsair,Vengeance LED DDR4 3200 C16 2x8GB,30,88,15616,https://ram.userbenchmark.com/SpeedTest/155727/Corsair-CMU16GX4M2C3200C16-2x8GB
RAM,CMU16GX4M2C3200C16B,Corsair,Vengeance LED DDR4 3200 C16 2x8GB,30,88,15616,https://ram.userbenchmark.com/SpeedTest/155727/Corsair-CMU16GX4M2C3200C16-2x8GB
RAM,CMU16GX4M2C3200C16R,Corsair,Vengeance LED DDR4 3200 C16 2x8GB,30,88,15616,https://ram.userbenchmark.com/SpeedTest/155727/Corsair-CMU16GX4M2C3200C16-2x8GB
RAM,CMR16GX4M2C3200C16,Corsair,Vengeance RGB DDR4 3200 C16 2x8GB,31,87.7,4742,https://ram.userbenchmark.com/SpeedTest/298180/Corsair-CMR16GX4M2C3200C16-2x8GB
RAM,CMD16GX4M2B3000C15,Corsair,Dominator DDR4 3000 C15 2x8GB,32,86.7,4880,https://ram.userbenchmark.com/Corsair-Dominator-DDR4-3000-C15-2x8GB/Rating/3597
RAM,CMR32GX4M2C3000C15,Corsair,Vengeance RGB DDR4 3000 C15 2x16GB,33,86.4,247,https://ram.userbenchmark.com/SpeedTest/335632/Corsair-CMR32GX4M2C3000C15-2x16GB
RAM,F4-3000C15D-16GTZB,G.SKILL,Trident Z DDR4 3000 C15 2x8GB,34,86.3,2396,https://ram.userbenchmark.com/GSKILL-Trident-Z-DDR4-3000-C15-2x8GB/Rating/3548
RAM,CMR16GX4M2C3000C15,Corsair,Vengeance RGB DDR4 3000 C15 2x8GB,35,85.9,12810,https://ram.userbenchmark.com/SpeedTest/258851/Corsair-CMR16GX4M2C3000C15-2x8GB
RAM,CMK32GX4M2B3200C16,Corsair,Vengeance LPX DDR4 3200 C16 2x16GB,36,85.8,6126,https://ram.userbenchmark.com/SpeedTest/97244/Corsair-Vengeance-LPX-CMK32GX4M2B3200C16-2x16GB
RAM,HX426C15FBK2/8,HyperX,Fury DDR4 2666 C15 2x4GB,37,85.5,8307,https://ram.userbenchmark.com/HyperX-Fury-DDR4-2666-C15-2x4GB/Rating/3556
RAM,CMK16GX4M2B3000C15,Corsair,Vengeance LPX DDR4 3000 C15 2x8GB,38,84.5,132019,https://ram.userbenchmark.com/Corsair-Vengeance-LPX-DDR4-3000-C15-2x8GB/Rating/3546
RAM,CMK16GX4M2B3000C15B,Corsair,Vengeance LPX DDR4 3000 C15 2x8GB,38,84.5,132019,https://ram.userbenchmark.com/Corsair-Vengeance-LPX-DDR4-3000-C15-2x8GB/Rating/3546
RAM,CMK16GX4M2B3000C15R,Corsair,Vengeance LPX DDR4 3000 C15 2x8GB,38,84.5,132019,https://ram.userbenchmark.com/Corsair-Vengeance-LPX-DDR4-3000-C15-2x8GB/Rating/3546
RAM,CMK16GX4M2B3000C15W,Corsair,Vengeance LPX DDR4 3000 C15 2x8GB,38,84.5,132019,https://ram.userbenchmark.com/Corsair-Vengeance-LPX-DDR4-3000-C15-2x8GB/Rating/3546
RAM,HX426C15FBK2/16,HyperX,Fury DDR4 2666 C15 2x8GB,39,84.5,14440,https://ram.userbenchmark.com/HyperX-Fury-DDR4-2666-C15-2x8GB/Rating/3553
RAM,CMU16GX4M2C3000C15,Corsair,Vengeance LED DDR4 3000 C15 2x8GB,40,84.4,16592,https://ram.userbenchmark.com/SpeedTest/156965/Corsair-CMU16GX4M2C3000C15-2x8GB
RAM,CMU16GX4M2C3000C15B,Corsair,Vengeance LED DDR4 3000 C15 2x8GB,40,84.4,16592,https://ram.userbenchmark.com/SpeedTest/156965/Corsair-CMU16GX4M2C3000C15-2x8GB
RAM,CMU16GX4M2C3000C15R,Corsair,Vengeance LED DDR4 3000 C15 2x8GB,40,84.4,16592,https://ram.userbenchmark.com/SpeedTest/156965/Corsair-CMU16GX4M2C3000C15-2x8GB
RAM,CMK32GX4M2B3000C15,Corsair,Vengeance LPX DDR4 3000 C15 2x16GB,41,84.3,6810,https://ram.userbenchmark.com/SpeedTest/92054/Corsair-Vengeance-LPX-CMK32GX4M2B3000C15-2x16GB
RAM,F4-3000C16D-16GTZR,G.SKILL,Trident Z RGB DDR4 3000 C16 2x8GB,42,84.2,16195,https://ram.userbenchmark.com/SpeedTest/236585/GSKILL-F4-3000C16-8GTZR-2x8GB
RAM,CMK8GX4M2B3000C15,Corsair,Vengeance LPX DDR4 3000 C15 2x4GB,43,84.1,12026,https://ram.userbenchmark.com/SpeedTest/90523/Corsair-Vengeance-LPX-CMK8GX4M2B3000C15-2x4GB
RAM,CMZ64GX3M8A1600C9,Corsair,Vengeance DDR3 1600 C9 8x8GB,44,84,40,https://ram.userbenchmark.com/SpeedTest/100478/Corsair-Vengeance-CMZ64GX3M8A1600C9-8x8GB
RAM,HX426C16FB2K2/16,HyperX,Fury 2666 C16 2x8GB,45,84,7039,https://ram.userbenchmark.com/SpeedTest/272118/Kingston-KHX2666C168G-2x8GB
RAM,HX426C16FW2K2/16,HyperX,Fury 2666 C16 2x8GB,45,84,7039,https://ram.userbenchmark.com/SpeedTest/272118/Kingston-KHX2666C168G-2x8GB
RAM,HX426C16FR2K2/16,HyperX,Fury 2666 C16 2x8GB,45,84,7039,https://ram.userbenchmark.com/SpeedTest/272118/Kingston-KHX2666C168G-2x8GB
RAM,HX424C15FBK4/16,HyperX,Fury DDR4 2400 C15 4x4GB,46,83.5,2455,https://ram.userbenchmark.com/HyperX-Fury-DDR4-2400-C15-4x4GB/Rating/3585
RAM,CMK16GX4M4A2400C16,Corsair,Vengeance LPX DDR4 2400 C16 4x4GB,47,82.9,166,https://ram.userbenchmark.com/SpeedTest/89553/Corsair-Vengeance-LPX-CMK16GX4M4A2400C16-4x4GB
RAM,HX426C13PB3K2/16,HyperX,Predator 2666 C13 2x8GB,48,81.5,520,https://ram.userbenchmark.com/SpeedTest/318273/Kingston-KHX2666C138GX-2x8GB
RAM,CMK16GX4M2C3000C16,Corsair,Vengeance LPX DDR4 3000 C16 2x8GB,49,81.4,1999,https://ram.userbenchmark.com/SpeedTest/337520/Corsair-Vengeance-LPX-CMK16GX4M2C3000C16-2x8GB
RAM,CMK16GX4M2C3000C16B,Corsair,Vengeance LPX DDR4 3000 C16 2x8GB,49,81.4,1999,https://ram.userbenchmark.com/SpeedTest/337520/Corsair-Vengeance-LPX-CMK16GX4M2C3000C16-2x8GB
RAM,CMK16GX4M2C3000C16R,Corsair,Vengeance LPX DDR4 3000 C16 2x8GB,49,81.4,1999,https://ram.userbenchmark.com/SpeedTest/337520/Corsair-Vengeance-LPX-CMK16GX4M2C3000C16-2x8GB
RAM,CMK16GX4M2C3000C16W,Corsair,Vengeance LPX DDR4 3000 C16 2x8GB,49,81.4,1999,https://ram.userbenchmark.com/SpeedTest/337520/Corsair-Vengeance-LPX-CMK16GX4M2C3000C16-2x8GB
RAM,HX421C14FBK4/32,HyperX,Fury DDR4 2133 C14 4x8GB,50,80.7,2548,https://ram.userbenchmark.com/HyperX-Fury-DDR4-2133-C14-4x8GB/Rating/3569
RAM,BLS4K8G4D240FSB,Crucial,Ballistix Sport LT DDR4 2400 C16 4x8GB,51,80.4,333,https://ram.userbenchmark.com/Crucial-Ballistix-Sport-LT-DDR4-2400-C16-4x8GB/Rating/3637
RAM,BLS4K8G4D240FSC,Crucial,Ballistix Sport LT DDR4 2400 C16 4x8GB,51,80.4,333,https://ram.userbenchmark.com/Crucial-Ballistix-Sport-LT-DDR4-2400-C16-4x8GB/Rating/3637
RAM,BLS4K8G4D240FSE,Crucial,Ballistix Sport LT DDR4 2400 C16 4x8GB,51,80.4,333,https://ram.userbenchmark.com/Crucial-Ballistix-Sport-LT-DDR4-2400-C16-4x8GB/Rating/3637
RAM,HX424C15FBK2/16,HyperX,Fury DDR4 2400 C15 2x8GB,52,79.8,7624,https://ram.userbenchmark.com/HyperX-Fury-DDR4-2400-C15-2x8GB/Rating/3587
RAM,F4-2400C15Q-32GVR,G.SKILL,Ripjaws V DDR4 2400 C15 4x8GB,53,79.7,1818,https://ram.userbenchmark.com/GSKILL-Ripjaws-V-DDR4-2400-C15-4x8GB/Rating/3568
RAM,CMK16GX4M2A2666C16,Corsair,Vengeance LPX DDR4 2666 C16 2x8GB,54,79,25661,https://ram.userbenchmark.com/Corsair-Vengeance-LPX-DDR4-2666-C16-2x8GB/Rating/3545
RAM,CMK16GX4M2A2666C16R,Corsair,Vengeance LPX DDR4 2666 C16 2x8GB,54,79,25661,https://ram.userbenchmark.com/Corsair-Vengeance-LPX-DDR4-2666-C16-2x8GB/Rating/3545
RAM,CMK8GX4M2A2666C16,Corsair,Vengeance LPX DDR4 2666 C16 2x4GB,55,78.2,5391,https://ram.userbenchmark.com/SpeedTest/90467/Corsair-Vengeance-LPX-CMK8GX4M2A2666C16-2x4GB
RAM,BLS2K8G4D240FSB,Crucial,Ballistix Sport LT DDR4 2400 C16 2x8GB,56,78.1,3202,https://ram.userbenchmark.com/Crucial-Ballistix-Sport-LT-DDR4-2400-C16-2x8GB/Rating/3638
RAM,BLS2K8G4D240FSC,Crucial,Ballistix Sport LT DDR4 2400 C16 2x8GB,56,78.1,3202,https://ram.userbenchmark.com/Crucial-Ballistix-Sport-LT-DDR4-2400-C16-2x8GB/Rating/3638
RAM,BLS2K8G4D240FSE,Crucial,Ballistix Sport LT DDR4 2400 C16 2x8GB,56,78.1,3202,https://ram.userbenchmark.com/Crucial-Ballistix-Sport-LT-DDR4-2400-C16-2x8GB/Rating/3638
RAM,CMK8GX4M2A2400C16,Corsair,Vengeance LPX DDR4 2400 C16 2x4GB,57,78,3570,https://ram.userbenchmark.com/SpeedTest/105361/Corsair-Vengeance-LPX-CMK8GX4M2A2400C16-2x4GB
RAM,BLS2K8G4D240FSA,Crucial,Ballistix Sport DDR4 2400 C16 2x8GB,58,77.7,1582,https://ram.userbenchmark.com/Crucial-Ballistix-Sport-DDR4-2400-C16-2x8GB/Rating/3611
RAM,CMK32GX4M2A2400C16,Corsair,Vengeance LPX DDR4 2400 C16 2x16GB,59,77.5,926,https://ram.userbenchmark.com/SpeedTest/131225/Corsair-Vengeance-LPX-CMK32GX4M2A2400C16-2x16GB
RAM,CMK16GX4M2A2400C16,Corsair,Vengeance LPX DDR4 2400 C16 2x8GB,60,76.6,23334,https://ram.userbenchmark.com/SpeedTest/92730/Corsair-Vengeance-LPX-CMK16GX4M2A2400C16-2x8GB
RAM,CMR16GX4M2A2666C16,Corsair,Vengeance RGB DDR4 2666 C16 2x8GB,61,76.5,2391,https://ram.userbenchmark.com/SpeedTest/282283/Corsair-CMR16GX4M2A2666C16-2x8GB
RAM,CMU16GX4M2A2666C16,Corsair,Vengeance LED DDR4 2666 C16 2x8GB,62,76,4650,https://ram.userbenchmark.com/SpeedTest/152975/Corsair-CMU16GX4M2A2666C16-2x8GB
RAM,CMU16GX4M2A2666C16B,Corsair,Vengeance LED DDR4 2666 C16 2x8GB,62,76,4650,https://ram.userbenchmark.com/SpeedTest/152975/Corsair-CMU16GX4M2A2666C16-2x8GB
RAM,CMU16GX4M2A2666C16R,Corsair,Vengeance LED DDR4 2666 C16 2x8GB,62,76,4650,https://ram.userbenchmark.com/SpeedTest/152975/Corsair-CMU16GX4M2A2666C16-2x8GB
RAM,CMU16GX4M2A2400C16,Corsair,Vengeance LED DDR4 2400 C16 2x8GB,63,75.3,1003,https://ram.userbenchmark.com/SpeedTest/293029/Corsair-CMU16GX4M2A2400C16-2x8GB
RAM,CMU16GX4M2A2400C16B,Corsair,Vengeance LED DDR4 2400 C16 2x8GB,63,75.3,1003,https://ram.userbenchmark.com/SpeedTest/293029/Corsair-CMU16GX4M2A2400C16-2x8GB
RAM,CMU16GX4M2A2400C16R,Corsair,Vengeance LED DDR4 2400 C16 2x8GB,63,75.3,1003,https://ram.userbenchmark.com/SpeedTest/293029/Corsair-CMU16GX4M2A2400C16-2x8GB
RAM,F3-2400C10Q-32GTX,G.SKILL,TridentX DDR3 2400 C10 4x8GB,64,73.9,2575,https://ram.userbenchmark.com/SpeedTest/89345/GSKILL-F3-2400C10-8GTX-4x8GB
RAM,CMK16GX4M2A2400C14,Corsair,Vengeance LPX DDR4 2400 C14 2x8GB,65,73.9,22021,https://ram.userbenchmark.com/Corsair-Vengeance-LPX-DDR4-2400-C14-2x8GB/Rating/3544
RAM,CMK16GX4M2A2400C14R,Corsair,Vengeance LPX DDR4 2400 C14 2x8GB,65,73.9,22021,https://ram.userbenchmark.com/Corsair-Vengeance-LPX-DDR4-2400-C14-2x8GB/Rating/3544
RAM,F4-2400C15D-8GVR,G.SKILL,Ripjaws V DDR4 2400 C15 2x4GB,66,73.7,6804,https://ram.userbenchmark.com/GSKILL-Ripjaws-V-DDR4-2400-C15-2x4GB/Rating/3559
RAM,CMK8GX4M2A2400C14,Corsair,Vengeance LPX DDR4 2400 C14 2x4GB,67,73.1,6191,https://ram.userbenchmark.com/SpeedTest/89740/Corsair-Vengeance-LPX-CMK8GX4M2A2400C14-2x4GB
RAM,HX421C14FBK2/16,HyperX,Fury DDR4 2133 C14 2x8GB,68,71.9,24645,https://ram.userbenchmark.com/HyperX-Fury-DDR4-2133-C14-2x8GB/Rating/3552
RAM,HX421C14FB2K2/16,HyperX,Fury DDR4 2133 C14 2x8GB,68,71.9,24645,https://ram.userbenchmark.com/HyperX-Fury-DDR4-2133-C14-2x8GB/Rating/3552
RAM,F4-2400C15D-16GVR,G.SKILL,Ripjaws V DDR4 2400 C15 2x8GB,69,71.8,35941,https://ram.userbenchmark.com/GSKILL-Ripjaws-V-DDR4-2400-C15-2x8GB/Rating/3549
RAM,F4-2400C15D-16GVB,G.SKILL,Ripjaws V DDR4 2400 C15 2x8GB,69,71.8,35941,https://ram.userbenchmark.com/GSKILL-Ripjaws-V-DDR4-2400-C15-2x8GB/Rating/3549
RAM,F4-2400C15D-16GVK,G.SKILL,Ripjaws V DDR4 2400 C15 2x8GB,69,71.8,35941,https://ram.userbenchmark.com/GSKILL-Ripjaws-V-DDR4-2400-C15-2x8GB/Rating/3549
RAM,F4-2400C15D-16GVS,G.SKILL,Ripjaws V DDR4 2400 C15 2x8GB,69,71.8,35941,https://ram.userbenchmark.com/GSKILL-Ripjaws-V-DDR4-2400-C15-2x8GB/Rating/3549
RAM,F4-2400C15D-16GVG,G.SKILL,Ripjaws V DDR4 2400 C15 2x8GB,69,71.8,35941,https://ram.userbenchmark.com/GSKILL-Ripjaws-V-DDR4-2400-C15-2x8GB/Rating/3549
RAM,F4-2400C15D-16GRR,G.SKILL,Ripjaws 4 DDR4 2400 C15 2x8GB,70,71.6,2323,https://ram.userbenchmark.com/GSKILL-Ripjaws-4-DDR4-2400-C15-2x8GB/Rating/3551
RAM,F4-2133C15D-32GVR,G.SKILL,Ripjaws V DDR4 2133 C15 2x16GB,71,70.9,984,https://ram.userbenchmark.com/GSKILL-Ripjaws-V-DDR4-2133-C15-2x16GB/Rating/3633
RAM,HX421C14FBK2/8,HyperX,Fury DDR4 2133 C14 2x4GB,72,70.2,21838,https://ram.userbenchmark.com/HyperX-Fury-DDR4-2133-C14-2x4GB/Rating/3554
RAM,CMK16GX4M2A2133C13,Corsair,Vengeance LPX DDR4 2133 C13 2x8GB,73,69.8,16067,https://ram.userbenchmark.com/Corsair-Vengeance-LPX-DDR4-2133-C13-2x8GB/Rating/3543
RAM,CMK16GX4M2A2133C13R,Corsair,Vengeance LPX DDR4 2133 C13 2x8GB,73,69.8,16067,https://ram.userbenchmark.com/Corsair-Vengeance-LPX-DDR4-2133-C13-2x8GB/Rating/3543
RAM,BLS2K4G4D240FSA,Crucial,Ballistix Sport DDR4 2400 C16 2x4GB,74,68.6,482,https://ram.userbenchmark.com/Crucial-Ballistix-Sport-DDR4-2400-C16-2x4GB/Rating/3601
RAM,F4-2133C15D-8GVR,G.SKILL,Ripjaws V DDR4 2133 C15 2x4GB,75,68.5,3422,https://ram.userbenchmark.com/GSKILL-Ripjaws-V-DDR4-2133-C15-2x4GB/Rating/3560
RAM,F4-2133C15D-16GVB,G.SKILL,Ripjaws V DDR4 2133 C15 2x8GB,76,67.8,6694,https://ram.userbenchmark.com/GSKILL-Ripjaws-V-DDR4-2133-C15-2x8GB/Rating/3632
RAM,F3-2400C10D-16GTX,G.SKILL,TridentX DDR3 2400 C10 2x8GB,77,67.1,10442,https://ram.userbenchmark.com/SpeedTest/89322/GSKILL-F3-2400C10-8GTX-2x8GB
RAM,HX324C11SRK2/16,HyperX,Savage DDR3 2400 C11 2x8GB,78,65.1,10771,https://ram.userbenchmark.com/SpeedTest/43621/Kingston-KHX2400C11D38GX-2x8GB
RAM,CMY16GX3M2A2400C11,Corsair,Vengeance Pro DDR3 2400 C11 2x8GB,79,61.1,18886,https://ram.userbenchmark.com/SpeedTest/89568/Corsair-Vengeance-Pro-CMY16GX3M2A2400C11-2x8GB
RAM,HX318C10FK2/16,HyperX,Fury DDR3 1866 C10 2x8GB,80,58.2,37383,https://ram.userbenchmark.com/SpeedTest/42962/Kingston-KHX1866C10D38G-2x8GB
RAM,HX318C10FBK2/16,HyperX,Fury DDR3 1866 C10 2x8GB,80,58.2,37383,https://ram.userbenchmark.com/SpeedTest/42962/Kingston-KHX1866C10D38G-2x8GB
RAM,HX318C10FRK2/16,HyperX,Fury DDR3 1866 C10 2x8GB,80,58.2,37383,https://ram.userbenchmark.com/SpeedTest/42962/Kingston-KHX1866C10D38G-2x8GB
RAM,HX318C10FWK2/16,HyperX,Fury DDR3 1866 C10 2x8GB,80,58.2,37383,https://ram.userbenchmark.com/SpeedTest/42962/Kingston-KHX1866C10D38G-2x8GB
RAM,BLS2KIT4G3D1609DS1S00,Crucial,Ballistix Sport DDR3 1600 C9 2x4GB,81,55.5,21258,https://ram.userbenchmark.com/SpeedTest/50785/Crucial-BLS4G3D1609DS1S00-2x4GB
RAM,BLS2CP4G3D1609DS1S00CEU,Crucial,Ballistix Sport DDR3 1600 C9 2x4GB,81,55.5,21258,https://ram.userbenchmark.com/SpeedTest/50785/Crucial-BLS4G3D1609DS1S00-2x4GB
RAM,HX316C10FK2/16,HyperX,Fury DDR3 1600 C10 2x8GB,82,55.3,26263,https://ram.userbenchmark.com/SpeedTest/42910/Kingston-KHX1600C10D38G-2x8GB
RAM,HX316C10FBK2/16,HyperX,Fury DDR3 1600 C10 2x8GB,82,55.3,26263,https://ram.userbenchmark.com/SpeedTest/42910/Kingston-KHX1600C10D38G-2x8GB
RAM,HX316C10FRK2/16,HyperX,Fury DDR3 1600 C10 2x8GB,82,55.3,26263,https://ram.userbenchmark.com/SpeedTest/42910/Kingston-KHX1600C10D38G-2x8GB
RAM,HX316C10FWK2/16,HyperX,Fury DDR3 1600 C10 2x8GB,82,55.3,26263,https://ram.userbenchmark.com/SpeedTest/42910/Kingston-KHX1600C10D38G-2x8GB
RAM,F3-12800CL9D-8GBXL,G.SKILL,RipjawsX DDR3 1600 C9 2x4GB,83,52.8,21130,https://ram.userbenchmark.com/SpeedTest/89321/GSKILL-F3-12800CL9-4GBXL-2x4GB
RAM,F3-14900CL10D-16GBXL,G.SKILL,RipjawsX DDR3 1866 C10 2x8GB,84,51.4,3522,https://ram.userbenchmark.com/SpeedTest/89210/GSKILL-F3-14900CL10-8GBXL-2x8GB
RAM,HX316C9SRK2/8,HyperX,Savage DDR3 1600 C9 2x4GB,85,51.4,33111,https://ram.userbenchmark.com/SpeedTest/43139/Kingston-KHX1600C9D34GX-2x4GB
RAM,F3-12800CL10Q-32GBXL,G.SKILL,RipjawsX DDR3 1600 C10 4x8GB,86,51.3,1464,https://ram.userbenchmark.com/SpeedTest/90320/GSKILL-F3-12800CL10-8GBXL-4x8GB
RAM,HX318C10FK2/8,HyperX,Fury DDR3 1866 C10 2x4GB,87,51,20218,https://ram.userbenchmark.com/HyperX-Fury-DDR3-1866-C10-2x4GB/Rating/3588
RAM,HX318C10FBK2/8,HyperX,Fury DDR3 1866 C10 2x4GB,87,51,20218,https://ram.userbenchmark.com/HyperX-Fury-DDR3-1866-C10-2x4GB/Rating/3588
RAM,HX318C10FRK2/8,HyperX,Fury DDR3 1866 C10 2x4GB,87,51,20218,https://ram.userbenchmark.com/HyperX-Fury-DDR3-1866-C10-2x4GB/Rating/3588
RAM,HX318C10FWK2/8,HyperX,Fury DDR3 1866 C10 2x4GB,87,51,20218,https://ram.userbenchmark.com/HyperX-Fury-DDR3-1866-C10-2x4GB/Rating/3588
RAM,HX316C10FK2/8,HyperX,Fury DDR3 1600 C10 2x4GB,88,50.7,12060,https://ram.userbenchmark.com/SpeedTest/42917/Kingston-KHX1600C10D38G-2x4GB
RAM,HX316C10FBK2/8,HyperX,Fury DDR3 1600 C10 2x4GB,88,50.7,12060,https://ram.userbenchmark.com/SpeedTest/42917/Kingston-KHX1600C10D38G-2x4GB
RAM,HX316C10FRK2/8,HyperX,Fury DDR3 1600 C10 2x4GB,88,50.7,12060,https://ram.userbenchmark.com/SpeedTest/42917/Kingston-KHX1600C10D38G-2x4GB
RAM,HX316C10FWK2/8,HyperX,Fury DDR3 1600 C10 2x4GB,88,50.7,12060,https://ram.userbenchmark.com/SpeedTest/42917/Kingston-KHX1600C10D38G-2x4GB
RAM,CMZ8GX3M2A1600C9,Corsair,Vengeance DDR3 1600 C9 2x4GB,89,50.1,33866,https://ram.userbenchmark.com/SpeedTest/89203/Corsair-Vengeance-CMZ8GX3M2A1600C9-2x4GB
RAM,CMX8GX3M2A1600C9,Corsair,XMS3 DDR3 1600 C9 2x4GB,90,49.8,5303,https://ram.userbenchmark.com/SpeedTest/89663/Corsair-XMS3-CMX8GX3M2A1600C9-2x4GB
RAM,F3-12800CL10D-16GBXL,G.SKILL,RipjawsX DDR3 1600 C10 2x8GB,91,49.7,8557,https://ram.userbenchmark.com/SpeedTest/89329/GSKILL-F3-12800CL10-8GBXL-2x8GB
RAM,BLS8G4D26BFSB,Crucial,Ballistix Sport LT DDR4 2666 C16 1x8GB,92,48,784,https://ram.userbenchmark.com/SpeedTest/321149/Crucial-BLS8G4D26BFSC16FBD2-1x8GB
RAM,BLS8G4D26BFSC,Crucial,Ballistix Sport LT DDR4 2666 C16 1x8GB,92,48,784,https://ram.userbenchmark.com/SpeedTest/321149/Crucial-BLS8G4D26BFSC16FBD2-1x8GB
RAM,BLS8G4D26BFSE,Crucial,Ballistix Sport LT DDR4 2666 C16 1x8GB,92,48,784,https://ram.userbenchmark.com/SpeedTest/321149/Crucial-BLS8G4D26BFSC16FBD2-1x8GB
RAM,BLS8G4D240FSB,Crucial,Ballistix Sport LT DDR4 2400 C16 1x8GB,93,43.1,9022,https://ram.userbenchmark.com/SpeedTest/142440/Crucial-BLS8G4D240FSB16FBD-1x8GB
RAM,CT8G4DFD824A,Crucial,UDIMM DDR4 2400 C16 1x8GB,94,42.5,1900,https://ram.userbenchmark.com/SpeedTest/358525/Crucial-CT8G4DFD824AC16FHP-1x8GB
RAM,CT16G4DFD824A,Crucial,UDIMM DDR4 2400 C16 1x16GB,95,42.3,790,https://ram.userbenchmark.com/SpeedTest/228105/Crucial-CT16G4DFD824AC16FAD-1x16GB
RAM,CMK8GX4M1A2400C16,Corsair,Vengeance LPX DDR4 2400 C16 1x8GB,96,42.2,15805,https://ram.userbenchmark.com/Corsair-Vengeance-LPX-DDR4-2400-C16-1x8GB/Rating/3610
RAM,CMK8GX4M1A2400C16R,Corsair,Vengeance LPX DDR4 2400 C16 1x8GB,96,42.2,15805,https://ram.userbenchmark.com/Corsair-Vengeance-LPX-DDR4-2400-C16-1x8GB/Rating/3610
RAM,HX421C14FB/8,HyperX,Fury DDR4 2133 C14 1x8GB,97,40.3,7583,https://ram.userbenchmark.com/HyperX-Fury-DDR4-2133-C14-1x8GB/Rating/3555
RAM,CT4G4DFS824A,Crucial,UDIMM DDR4 2400 C17 1x4GB,98,39.9,1212,https://ram.userbenchmark.com/SpeedTest/372497/Crucial-CT4G4DFS824AC8FHP-1x4GB
RAM,CMK8GX4M1A2400C14,Corsair,Vengeance LPX DDR4 2400 C14 1x8GB,99,39.7,8492,https://ram.userbenchmark.com/SpeedTest/89446/Corsair-Vengeance-LPX-CMK8GX4M1A2400C14-1x8GB
RAM,CMK4GX4M1A2400C14,Corsair,Vengeance LPX DDR4 2400 C14 1x4GB,100,39.7,434,https://ram.userbenchmark.com/SpeedTest/97522/Corsair-Vengeance-LPX-CMK4GX4M1A2400C14-1x4GB
RAM,CMV4GX4M1A2133C15,Corsair,ValueSelect DDR4 2133 C15 1x4GB,101,38.1,600,https://ram.userbenchmark.com/SpeedTest/96727/Corsair-ValueSelect-CMV4GX4M1A2133C15-1x4GB
RAM,F4-2133C15S-4GNT,G.SKILL,Value DDR4 2133 C15 1x4GB,102,37.6,259,https://ram.userbenchmark.com/SpeedTest/109263/GSKILL-F4-2133C15-4GNT-1x4GB
RAM,CMZ8GX3M1A1600C10,Corsair,Vengeance DDR3 1600 C10 1x8GB,103,31.1,5323,https://ram.userbenchmark.com/SpeedTest/89201/Corsair-Vengeance-CMZ8GX3M1A1600C10-1x8GB
RAM,F3-12800CL9S-4GBRL,G.SKILL,Ripjaws DDR3 1600 C9 1x4GB,104,29.1,414,https://ram.userbenchmark.com/SpeedTest/90810/GSKILL-F3-12800CL9-4GBRL-1x4GB
RAM,F3-12800CL10S-8GBXL,G.SKILL,RipjawsX DDR3 1600 C10 1x8GB,105,28.1,2045,https://ram.userbenchmark.com/SpeedTest/89412/GSKILL-F3-12800CL10-8GBXL-1x8GB
